unique_id,ds,MSTL,MSTL-lo-99,MSTL-hi-99
ed010d2a-1530-4bfa-b8a2-463aeb224c25,2023-11-06 03:15:00,3948763.8,3802352.2,4095175.0
ed010d2a-1530-4bfa-b8a2-463aeb224c25,2023-11-06 03:30:00,4011017.5,3837460.0,4184574.8
ed010d2a-1530-4bfa-b8a2-463aeb224c25,2023-11-06 03:45:00,4043051.5,3851450.0,4234652.5
ed010d2a-1530-4bfa-b8a2-463aeb224c25,2023-11-06 04:00:00,3952068.0,3745026.8,4159109.5
ed010d2a-1530-4bfa-b8a2-463aeb224c25,2023-11-06 04:15:00,4154980.2,3933789.8,4376171.0
ed010d2a-1530-4bfa-b8a2-463aeb224c25,2023-11-06 04:30:00,4210434.5,3975993.2,4444875.5
ed010d2a-1530-4bfa-b8a2-463aeb224c25,2023-11-06 04:45:00,4282636.5,4035664.0,4529608.5
ed010d2a-1530-4bfa-b8a2-463aeb224c25,2023-11-06 05:00:00,4412591.0,4153695.5,4671486.5
ed010d2a-1530-4bfa-b8a2-463aeb224c25,2023-11-06 05:15:00,4445175.0,4174882.2,4715467.5
ed010d2a-1530-4bfa-b8a2-463aeb224c25,2023-11-06 05:30:00,4578480.5,4297252.5,4859709.0
ed010d2a-1530-4bfa-b8a2-463aeb224c25,2023-11-06 05:45:00,4655534.0,4363779.5,4947288.0
ed010d2a-1530-4bfa-b8a2-463aeb224c25,2023-11-06 06:00:00,4730382.5,4428469.5,5032296.0
ed010d2a-1530-4bfa-b8a2-463aeb224c25,2023-11-06 06:15:00,5038247.0,4726505.0,5349988.5
ed010d2a-1530-4bfa-b8a2-463aeb224c25,2023-11-06 06:30:00,5112343.0,4791073.5,5433612.5
ed010d2a-1530-4bfa-b8a2-463aeb224c25,2023-11-06 06:45:00,5189971.5,4859448.5,5520494.0
ed010d2a-1530-4bfa-b8a2-463aeb224c25,2023-11-06 07:00:00,5332577.5,4993054.0,5672101.5
ed010d2a-1530-4bfa-b8a2-463aeb224c25,2023-11-06 07:15:00,5580892.0,5232599.5,5929184.5
ed010d2a-1530-4bfa-b8a2-463aeb224c25,2023-11-06 07:30:00,5731451.5,5374606.0,6088297.5
ed010d2a-1530-4bfa-b8a2-463aeb224c25,2023-11-06 07:45:00,5823944.0,5458745.5,6189143.0
ed010d2a-1530-4bfa-b8a2-463aeb224c25,2023-11-06 08:00:00,5896435.0,5523070.0,6269799.5
ed010d2a-1530-4bfa-b8a2-463aeb224c25,2023-11-06 08:15:00,5929455.5,5548099.5,6310812.0
ed010d2a-1530-4bfa-b8a2-463aeb224c25,2023-11-06 08:30:00,5891103.5,5501920.5,6280287.0
ed010d2a-1530-4bfa-b8a2-463aeb224c25,2023-11-06 08:45:00,6044973.0,5648116.5,6441829.0
ed010d2a-1530-4bfa-b8a2-463aeb224c25,2023-11-06 09:00:00,6055793.5,5651410.0,6460177.0
ed010d2a-1530-4bfa-b8a2-463aeb224c25,2023-11-06 09:15:00,6170729.0,5758955.5,6582502.0
ed010d2a-1530-4bfa-b8a2-463aeb224c25,2023-11-06 09:30:00,6114941.5,5695908.5,6533974.0
ed010d2a-1530-4bfa-b8a2-463aeb224c25,2023-11-06 09:45:00,6146773.0,5720604.5,6572941.5
ed010d2a-1530-4bfa-b8a2-463aeb224c25,2023-11-06 10:00:00,6164579.5,5731393.0,6597766.5
ed010d2a-1530-4bfa-b8a2-463aeb224c25,2023-11-06 10:15:00,6152720.5,5712627.5,6592814.0
ed010d2a-1530-4bfa-b8a2-463aeb224c25,2023-11-06 10:30:00,6212838.0,5765945.0,6659731.0
ed010d2a-1530-4bfa-b8a2-463aeb224c25,2023-11-06 10:45:00,6157071.5,5703481.0,6610662.0
ed010d2a-1530-4bfa-b8a2-463aeb224c25,2023-11-06 11:00:00,6182225.0,5722034.0,6642416.0
ed010d2a-1530-4bfa-b8a2-463aeb224c25,2023-11-06 11:15:00,6143469.0,5676771.0,6610166.5
ed010d2a-1530-4bfa-b8a2-463aeb224c25,2023-11-06 11:30:00,6175983.5,5702868.5,6649099.0
ed010d2a-1530-4bfa-b8a2-463aeb224c25,2023-11-06 11:45:00,6209195.0,5729748.5,6688642.0
ed010d2a-1530-4bfa-b8a2-463aeb224c25,2023-11-06 12:00:00,6230347.0,5744651.0,6716042.5
ed010d2a-1530-4bfa-b8a2-463aeb224c25,2023-11-06 12:15:00,6204344.5,5712479.0,6696210.0
ed010d2a-1530-4bfa-b8a2-463aeb224c25,2023-11-06 12:30:00,6256932.5,5758974.0,6754891.5
ed010d2a-1530-4bfa-b8a2-463aeb224c25,2023-11-06 12:45:00,6267835.0,5763856.5,6771813.0
ed010d2a-1530-4bfa-b8a2-463aeb224c25,2023-11-06 13:00:00,6352616.5,5842690.0,6862543.5
ed010d2a-1530-4bfa-b8a2-463aeb224c25,2023-11-06 13:15:00,6291501.5,5775695.0,6807308.0
ed010d2a-1530-4bfa-b8a2-463aeb224c25,2023-11-06 13:30:00,6277990.0,5756370.0,6799610.0
ed010d2a-1530-4bfa-b8a2-463aeb224c25,2023-11-06 13:45:00,6290409.0,5763039.5,6817778.5
ed010d2a-1530-4bfa-b8a2-463aeb224c25,2023-11-06 14:00:00,6292625.0,5759568.0,6825682.0
ed010d2a-1530-4bfa-b8a2-463aeb224c25,2023-11-06 14:15:00,6244439.5,5705755.0,6783124.0
ed010d2a-1530-4bfa-b8a2-463aeb224c25,2023-11-06 14:30:00,6292990.0,5748736.0,6837244.0
ed010d2a-1530-4bfa-b8a2-463aeb224c25,2023-11-06 14:45:00,6212043.5,5662277.0,6761810.5
ed010d2a-1530-4bfa-b8a2-463aeb224c25,2023-11-06 15:00:00,6141783.5,5586558.5,6697008.5
ed010d2a-1530-4bfa-b8a2-463aeb224c25,2023-11-06 15:15:00,6092628.0,5531998.0,6653258.0
ed010d2a-1530-4bfa-b8a2-463aeb224c25,2023-11-06 15:30:00,6195695.0,5629712.0,6761678.5
ed010d2a-1530-4bfa-b8a2-463aeb224c25,2023-11-06 15:45:00,6050376.5,5479090.0,6621663.0
ed010d2a-1530-4bfa-b8a2-463aeb224c25,2023-11-06 16:00:00,5991085.0,5414544.0,6567625.5
ed010d2a-1530-4bfa-b8a2-463aeb224c25,2023-11-06 16:15:00,5921285.0,5339537.0,6503033.0
ed010d2a-1530-4bfa-b8a2-463aeb224c25,2023-11-06 16:30:00,5929729.5,5342820.5,6516638.0
ed010d2a-1530-4bfa-b8a2-463aeb224c25,2023-11-06 16:45:00,5900783.5,5308759.0,6492808.0
ed010d2a-1530-4bfa-b8a2-463aeb224c25,2023-11-06 17:00:00,5776602.0,5179505.5,6373698.5
ed010d2a-1530-4bfa-b8a2-463aeb224c25,2023-11-06 17:15:00,5698002.5,5095876.5,6300128.0
ed010d2a-1530-4bfa-b8a2-463aeb224c25,2023-11-06 17:30:00,5567811.5,4960698.0,6174925.0
ed010d2a-1530-4bfa-b8a2-463aeb224c25,2023-11-06 17:45:00,5486182.0,4874121.5,6098242.0
ed010d2a-1530-4bfa-b8a2-463aeb224c25,2023-11-06 18:00:00,5452698.5,4835730.5,6069666.0
ed010d2a-1530-4bfa-b8a2-463aeb224c25,2023-11-06 18:15:00,5331248.5,4709412.5,5953085.0
ed010d2a-1530-4bfa-b8a2-463aeb224c25,2023-11-06 18:30:00,5385252.5,4758585.5,6011919.5
ed010d2a-1530-4bfa-b8a2-463aeb224c25,2023-11-06 18:45:00,5392513.5,4761053.0,6023974.5
ed010d2a-1530-4bfa-b8a2-463aeb224c25,2023-11-06 19:00:00,5293848.0,4657629.5,5930066.5
ed010d2a-1530-4bfa-b8a2-463aeb224c25,2023-11-06 19:15:00,5239774.5,4598834.0,5880715.5
ed010d2a-1530-4bfa-b8a2-463aeb224c25,2023-11-06 19:30:00,5252818.5,4607190.0,5898447.0
ed010d2a-1530-4bfa-b8a2-463aeb224c25,2023-11-06 19:45:00,5294324.0,4644041.5,5944606.5
ed010d2a-1530-4bfa-b8a2-463aeb224c25,2023-11-06 20:00:00,5126368.0,4471464.5,5781271.5
ed010d2a-1530-4bfa-b8a2-463aeb224c25,2023-11-06 20:15:00,5041751.0,4382259.0,5701243.0
ed010d2a-1530-4bfa-b8a2-463aeb224c25,2023-11-06 20:30:00,5030771.0,4366722.5,5694820.0
ed010d2a-1530-4bfa-b8a2-463aeb224c25,2023-11-06 20:45:00,5044756.5,4376182.0,5713331.5
ed010d2a-1530-4bfa-b8a2-463aeb224c25,2023-11-06 21:00:00,4988753.0,4315682.5,5661823.0
ed010d2a-1530-4bfa-b8a2-463aeb224c25,2023-11-06 21:15:00,4702381.5,4024845.8,5379917.0
ed010d2a-1530-4bfa-b8a2-463aeb224c25,2023-11-06 21:30:00,4715149.5,4033177.5,5397121.5
ed010d2a-1530-4bfa-b8a2-463aeb224c25,2023-11-06 21:45:00,4749188.0,4062808.5,5435567.5
ed010d2a-1530-4bfa-b8a2-463aeb224c25,2023-11-06 22:00:00,4613872.5,3923113.5,5304631.5
ed010d2a-1530-4bfa-b8a2-463aeb224c25,2023-11-06 22:15:00,4444268.5,3749157.5,5139379.5
ed010d2a-1530-4bfa-b8a2-463aeb224c25,2023-11-06 22:30:00,4455242.0,3755806.2,5154678.0
ed010d2a-1530-4bfa-b8a2-463aeb224c25,2023-11-06 22:45:00,4438328.5,3734594.2,5142062.5
ed010d2a-1530-4bfa-b8a2-463aeb224c25,2023-11-06 23:00:00,4378752.5,3670746.0,5086758.5
ed010d2a-1530-4bfa-b8a2-463aeb224c25,2023-11-06 23:15:00,4335368.5,3623115.8,5047621.5
ed010d2a-1530-4bfa-b8a2-463aeb224c25,2023-11-06 23:30:00,4430435.5,3713961.2,5146909.5
ed010d2a-1530-4bfa-b8a2-463aeb224c25,2023-11-06 23:45:00,4383931.5,3663260.5,5104602.5
ed010d2a-1530-4bfa-b8a2-463aeb224c25,2023-11-07 00:00:00,4274611.5,3549768.2,4999455.0
ed010d2a-1530-4bfa-b8a2-463aeb224c25,2023-11-07 00:15:00,4387849.0,3658857.2,5116840.5
ed010d2a-1530-4bfa-b8a2-463aeb224c25,2023-11-07 00:30:00,4401647.5,3668530.8,5134764.0
ed010d2a-1530-4bfa-b8a2-463aeb224c25,2023-11-07 00:45:00,4331518.5,3594299.8,5068737.0
ed010d2a-1530-4bfa-b8a2-463aeb224c25,2023-11-07 01:00:00,4344206.5,3602908.5,5085504.0
ed010d2a-1530-4bfa-b8a2-463aeb224c25,2023-11-07 01:15:00,4352005.0,3606650.5,5097360.0
ed010d2a-1530-4bfa-b8a2-463aeb224c25,2023-11-07 01:30:00,4403294.0,3653904.2,5152683.5
ed010d2a-1530-4bfa-b8a2-463aeb224c25,2023-11-07 01:45:00,4396299.5,3642896.8,5149702.5
ed010d2a-1530-4bfa-b8a2-463aeb224c25,2023-11-07 02:00:00,4380905.5,3623510.5,5138300.5
ed010d2a-1530-4bfa-b8a2-463aeb224c25,2023-11-07 02:15:00,4421725.5,3660359.0,5183091.5
ed010d2a-1530-4bfa-b8a2-463aeb224c25,2023-11-07 02:30:00,4412346.0,3647029.2,5177662.5
ed010d2a-1530-4bfa-b8a2-463aeb224c25,2023-11-07 02:45:00,4473625.5,3704378.5,5242872.5
ed010d2a-1530-4bfa-b8a2-463aeb224c25,2023-11-07 03:00:00,4367804.0,3594647.0,5140961.5
ed010d2a-1530-4bfa-b8a2-463aeb224c25,2023-11-07 03:15:00,4014931.8,3237883.8,4791979.5
ed010d2a-1530-4bfa-b8a2-463aeb224c25,2023-11-07 03:30:00,4010242.8,3229323.8,4791161.5
ed010d2a-1530-4bfa-b8a2-463aeb224c25,2023-11-07 03:45:00,4077216.5,3292445.5,4861987.5
ed010d2a-1530-4bfa-b8a2-463aeb224c25,2023-11-07 04:00:00,3993744.5,3205140.0,4782349.0
ed010d2a-1530-4bfa-b8a2-463aeb224c25,2023-11-07 04:15:00,4131776.0,3339357.0,4924195.0
ed010d2a-1530-4bfa-b8a2-463aeb224c25,2023-11-07 04:30:00,4148443.0,3352227.5,4944658.5
ed010d2a-1530-4bfa-b8a2-463aeb224c25,2023-11-07 04:45:00,4250789.0,3450795.0,5050783.0
ed010d2a-1530-4bfa-b8a2-463aeb224c25,2023-11-07 05:00:00,4300758.0,3497003.0,5104512.5
ed010d2a-1530-4bfa-b8a2-463aeb224c25,2023-11-07 05:15:00,4367395.0,3559897.0,5174893.0
ed010d2a-1530-4bfa-b8a2-463aeb224c25,2023-11-07 05:30:00,4485312.0,3674088.0,5296535.5
ed010d2a-1530-4bfa-b8a2-463aeb224c25,2023-11-07 05:45:00,4591650.5,3776717.8,5406583.0
ed010d2a-1530-4bfa-b8a2-463aeb224c25,2023-11-07 06:00:00,4646731.5,3828107.0,5465356.5
ed010d2a-1530-4bfa-b8a2-463aeb224c25,2023-11-07 06:15:00,4908190.0,4085890.0,5730490.5
ed010d2a-1530-4bfa-b8a2-463aeb224c25,2023-11-07 06:30:00,5000369.5,4174410.2,5826329.0
ed010d2a-1530-4bfa-b8a2-463aeb224c25,2023-11-07 06:45:00,5168894.0,4339292.0,5998496.5
ed010d2a-1530-4bfa-b8a2-463aeb224c25,2023-11-07 07:00:00,5288495.0,4455265.5,6121724.5
ed010d2a-1530-4bfa-b8a2-463aeb224c25,2023-11-07 07:15:00,5550165.0,4713324.0,6387005.5
ed010d2a-1530-4bfa-b8a2-463aeb224c25,2023-11-07 07:30:00,5646937.0,4806500.5,6487373.5
ed010d2a-1530-4bfa-b8a2-463aeb224c25,2023-11-07 07:45:00,5760918.5,4916901.5,6604935.5
ed010d2a-1530-4bfa-b8a2-463aeb224c25,2023-11-07 08:00:00,5785968.0,4938385.5,6633550.0
ed010d2a-1530-4bfa-b8a2-463aeb224c25,2023-11-07 08:15:00,5870543.5,5019411.0,6721676.5
ed010d2a-1530-4bfa-b8a2-463aeb224c25,2023-11-07 08:30:00,5823441.0,4968772.5,6678110.0
ed010d2a-1530-4bfa-b8a2-463aeb224c25,2023-11-07 08:45:00,5959422.5,5101232.5,6817612.0
ed010d2a-1530-4bfa-b8a2-463aeb224c25,2023-11-07 09:00:00,5949276.5,5087580.0,6810973.0
ed010d2a-1530-4bfa-b8a2-463aeb224c25,2023-11-07 09:15:00,6007284.0,5142095.0,6872473.0
ed010d2a-1530-4bfa-b8a2-463aeb224c25,2023-11-07 09:30:00,6071114.5,5202447.0,6939782.0
ed010d2a-1530-4bfa-b8a2-463aeb224c25,2023-11-07 09:45:00,6079882.5,5207750.5,6952014.5
ed010d2a-1530-4bfa-b8a2-463aeb224c25,2023-11-07 10:00:00,6166828.5,5291245.5,7042411.5
ed010d2a-1530-4bfa-b8a2-463aeb224c25,2023-11-07 10:15:00,6144768.5,5265748.5,7023789.0
ed010d2a-1530-4bfa-b8a2-463aeb224c25,2023-11-07 10:30:00,6151953.0,5269509.0,7034397.5
ed010d2a-1530-4bfa-b8a2-463aeb224c25,2023-11-07 10:45:00,6126590.5,5240735.0,7012445.5
ed010d2a-1530-4bfa-b8a2-463aeb224c25,2023-11-07 11:00:00,6168529.0,5279276.0,7057781.5
ed010d2a-1530-4bfa-b8a2-463aeb224c25,2023-11-07 11:15:00,6151174.5,5258537.0,7043811.5
ed010d2a-1530-4bfa-b8a2-463aeb224c25,2023-11-07 11:30:00,6139159.0,5243150.0,7035168.5
ed010d2a-1530-4bfa-b8a2-463aeb224c25,2023-11-07 11:45:00,6250521.5,5351152.5,7149890.0
ed010d2a-1530-4bfa-b8a2-463aeb224c25,2023-11-07 12:00:00,6177327.5,5274612.0,7080043.0
ed010d2a-1530-4bfa-b8a2-463aeb224c25,2023-11-07 12:15:00,6240571.5,5334522.0,7146621.5
ed010d2a-1530-4bfa-b8a2-463aeb224c25,2023-11-07 12:30:00,6161204.0,5251832.0,7070576.0
ed010d2a-1530-4bfa-b8a2-463aeb224c25,2023-11-07 12:45:00,6183242.5,5270560.5,7095924.5
ed010d2a-1530-4bfa-b8a2-463aeb224c25,2023-11-07 13:00:00,6245949.5,5329969.0,7161930.0
ed010d2a-1530-4bfa-b8a2-463aeb224c25,2023-11-07 13:15:00,6163144.5,5243878.0,7082411.0
ed010d2a-1530-4bfa-b8a2-463aeb224c25,2023-11-07 13:30:00,6171886.0,5249345.0,7094427.5
ed010d2a-1530-4bfa-b8a2-463aeb224c25,2023-11-07 13:45:00,6199059.0,5273254.5,7124863.0
ed010d2a-1530-4bfa-b8a2-463aeb224c25,2023-11-07 14:00:00,6232261.0,5303205.5,7161317.0
ed010d2a-1530-4bfa-b8a2-463aeb224c25,2023-11-07 14:15:00,6169559.0,5237263.0,7101855.0
ed010d2a-1530-4bfa-b8a2-463aeb224c25,2023-11-07 14:30:00,6104848.5,5169323.5,7040373.5
ed010d2a-1530-4bfa-b8a2-463aeb224c25,2023-11-07 14:45:00,6045760.5,5107018.0,6984503.5
ed010d2a-1530-4bfa-b8a2-463aeb224c25,2023-11-07 15:00:00,6054278.5,5112329.0,6996228.5
ed010d2a-1530-4bfa-b8a2-463aeb224c25,2023-11-07 15:15:00,5991594.0,5046448.0,6936739.5
ed010d2a-1530-4bfa-b8a2-463aeb224c25,2023-11-07 15:30:00,5990245.0,5041914.0,6938576.0
ed010d2a-1530-4bfa-b8a2-463aeb224c25,2023-11-07 15:45:00,5921179.5,4969674.0,6872685.5
ed010d2a-1530-4bfa-b8a2-463aeb224c25,2023-11-07 16:00:00,5811478.5,4856809.0,6766148.5
ed010d2a-1530-4bfa-b8a2-463aeb224c25,2023-11-07 16:15:00,5801521.0,4843697.5,6759344.0
ed010d2a-1530-4bfa-b8a2-463aeb224c25,2023-11-07 16:30:00,5750404.0,4789437.5,6711370.5
ed010d2a-1530-4bfa-b8a2-463aeb224c25,2023-11-07 16:45:00,5711236.5,4747137.0,6675336.0
ed010d2a-1530-4bfa-b8a2-463aeb224c25,2023-11-07 17:00:00,5643865.5,4676643.0,6611088.0
ed010d2a-1530-4bfa-b8a2-463aeb224c25,2023-11-07 17:15:00,5600488.0,4630153.0,6570823.0
ed010d2a-1530-4bfa-b8a2-463aeb224c25,2023-11-07 17:30:00,5502719.5,4529282.0,6476157.5
ed010d2a-1530-4bfa-b8a2-463aeb224c25,2023-11-07 17:45:00,5361585.5,4385054.5,6338116.5
ed010d2a-1530-4bfa-b8a2-463aeb224c25,2023-11-07 18:00:00,5368336.5,4388722.5,6347950.5
ed010d2a-1530-4bfa-b8a2-463aeb224c25,2023-11-07 18:15:00,5258145.0,4275457.5,6240833.0
ed010d2a-1530-4bfa-b8a2-463aeb224c25,2023-11-07 18:30:00,5281427.5,4295676.0,6267179.0
ed010d2a-1530-4bfa-b8a2-463aeb224c25,2023-11-07 18:45:00,5264237.5,4275431.5,6253043.5
ed010d2a-1530-4bfa-b8a2-463aeb224c25,2023-11-07 19:00:00,5250314.5,4258463.5,6242165.5
ed010d2a-1530-4bfa-b8a2-463aeb224c25,2023-11-07 19:15:00,5166920.0,4172033.2,6161807.0
ed010d2a-1530-4bfa-b8a2-463aeb224c25,2023-11-07 19:30:00,5265726.5,4267813.5,6263640.0
ed010d2a-1530-4bfa-b8a2-463aeb224c25,2023-11-07 19:45:00,5263488.0,4262557.0,6264418.5
ed010d2a-1530-4bfa-b8a2-463aeb224c25,2023-11-07 20:00:00,5176489.5,4172550.5,6180428.5
ed010d2a-1530-4bfa-b8a2-463aeb224c25,2023-11-07 20:15:00,5078040.0,4071101.5,6084978.0
ed010d2a-1530-4bfa-b8a2-463aeb224c25,2023-11-07 20:30:00,5119269.0,4109340.2,6129197.5
ed010d2a-1530-4bfa-b8a2-463aeb224c25,2023-11-07 20:45:00,5076972.0,4064062.0,6089882.0
ed010d2a-1530-4bfa-b8a2-463aeb224c25,2023-11-07 21:00:00,5006210.5,3990327.8,6022093.5
ed010d2a-1530-4bfa-b8a2-463aeb224c25,2023-11-07 21:15:00,4822900.0,3804053.0,5841747.0
ed010d2a-1530-4bfa-b8a2-463aeb224c25,2023-11-07 21:30:00,4822340.5,3800537.8,5844143.0
ed010d2a-1530-4bfa-b8a2-463aeb224c25,2023-11-07 21:45:00,4848751.5,3824002.2,5873501.5
ed010d2a-1530-4bfa-b8a2-463aeb224c25,2023-11-07 22:00:00,4699743.0,3672055.0,5727431.5
ed010d2a-1530-4bfa-b8a2-463aeb224c25,2023-11-07 22:15:00,4479707.5,3449089.2,5510326.0
ed010d2a-1530-4bfa-b8a2-463aeb224c25,2023-11-07 22:30:00,4521846.0,3488305.5,5555386.0
ed010d2a-1530-4bfa-b8a2-463aeb224c25,2023-11-07 22:45:00,4432822.5,3396369.0,5469276.5
ed010d2a-1530-4bfa-b8a2-463aeb224c25,2023-11-07 23:00:00,4337999.5,3298640.2,5377359.0
ed010d2a-1530-4bfa-b8a2-463aeb224c25,2023-11-07 23:15:00,4250764.5,3208508.0,5293021.5
ed010d2a-1530-4bfa-b8a2-463aeb224c25,2023-11-07 23:30:00,4384928.0,3339782.0,5430074.0
ed010d2a-1530-4bfa-b8a2-463aeb224c25,2023-11-07 23:45:00,4261082.5,3213055.2,5309109.5
ed010d2a-1530-4bfa-b8a2-463aeb224c25,2023-11-08 00:00:00,4250913.0,3200012.0,5301813.5
ed010d2a-1530-4bfa-b8a2-463aeb224c25,2023-11-08 00:15:00,4261551.5,3207785.0,5315317.5
ed010d2a-1530-4bfa-b8a2-463aeb224c25,2023-11-08 00:30:00,4389076.5,3332452.2,5445701.0
ed010d2a-1530-4bfa-b8a2-463aeb224c25,2023-11-08 00:45:00,4303431.0,3243956.5,5362905.5
ed010d2a-1530-4bfa-b8a2-463aeb224c25,2023-11-08 01:00:00,4306657.5,3244340.8,5368974.5
ed010d2a-1530-4bfa-b8a2-463aeb224c25,2023-11-08 01:15:00,4259559.5,3194407.8,5324711.5
ed010d2a-1530-4bfa-b8a2-463aeb224c25,2023-11-08 01:30:00,4368076.5,3300097.0,5436055.5
ed010d2a-1530-4bfa-b8a2-463aeb224c25,2023-11-08 01:45:00,4325368.0,3254569.0,5396167.5
ed010d2a-1530-4bfa-b8a2-463aeb224c25,2023-11-08 02:00:00,4346406.0,3272794.2,5420017.5
ed010d2a-1530-4bfa-b8a2-463aeb224c25,2023-11-08 02:15:00,4379259.5,3302842.5,5455676.0
ed010d2a-1530-4bfa-b8a2-463aeb224c25,2023-11-08 02:30:00,4442229.5,3363015.0,5521444.5
ed010d2a-1530-4bfa-b8a2-463aeb224c25,2023-11-08 02:45:00,4417314.5,3335309.2,5499320.0
ed010d2a-1530-4bfa-b8a2-463aeb224c25,2023-11-08 03:00:00,4353058.5,3268269.8,5437847.5
ed010d2a-1530-4bfa-b8a2-463aeb224c25,2023-11-08 03:15:00,4038336.2,2950771.2,5125901.5
ed010d2a-1530-4bfa-b8a2-463aeb224c25,2023-11-08 03:30:00,4055439.2,2965105.0,5145774.0
ed010d2a-1530-4bfa-b8a2-463aeb224c25,2023-11-08 03:45:00,3993117.2,2900020.8,5086214.0
ed010d2a-1530-4bfa-b8a2-463aeb224c25,2023-11-08 04:00:00,4002248.0,2906396.2,5098100.0
ed010d2a-1530-4bfa-b8a2-463aeb224c25,2023-11-08 04:15:00,4140900.5,3042300.0,5239501.0
ed010d2a-1530-4bfa-b8a2-463aeb224c25,2023-11-08 04:30:00,4253523.5,3152181.5,5354865.0
ed010d2a-1530-4bfa-b8a2-463aeb224c25,2023-11-08 04:45:00,4248432.5,3144355.8,5352509.0
ed010d2a-1530-4bfa-b8a2-463aeb224c25,2023-11-08 05:00:00,4329999.0,3223194.5,5436803.5
ed010d2a-1530-4bfa-b8a2-463aeb224c25,2023-11-08 05:15:00,4413266.0,3303740.2,5522792.0
ed010d2a-1530-4bfa-b8a2-463aeb224c25,2023-11-08 05:30:00,4661094.5,3548854.2,5773335.0
ed010d2a-1530-4bfa-b8a2-463aeb224c25,2023-11-08 05:45:00,4601418.0,3486469.8,5716366.5
ed010d2a-1530-4bfa-b8a2-463aeb224c25,2023-11-08 06:00:00,4678206.0,3560556.2,5795856.0
ed010d2a-1530-4bfa-b8a2-463aeb224c25,2023-11-08 06:15:00,5014671.5,3894327.0,6135016.5
ed010d2a-1530-4bfa-b8a2-463aeb224c25,2023-11-08 06:30:00,5089813.5,3966780.5,6212847.0
ed010d2a-1530-4bfa-b8a2-463aeb224c25,2023-11-08 06:45:00,5221023.5,4095308.2,6346738.5
ed010d2a-1530-4bfa-b8a2-463aeb224c25,2023-11-08 07:00:00,5300989.0,4172598.0,6429379.5
ed010d2a-1530-4bfa-b8a2-463aeb224c25,2023-11-08 07:15:00,5510498.5,4379438.5,6641558.5
ed010d2a-1530-4bfa-b8a2-463aeb224c25,2023-11-08 07:30:00,5657084.0,4523361.0,6790807.5
ed010d2a-1530-4bfa-b8a2-463aeb224c25,2023-11-08 07:45:00,5723430.0,4587050.0,6859810.0
ed010d2a-1530-4bfa-b8a2-463aeb224c25,2023-11-08 08:00:00,5734382.0,4595351.5,6873412.5
ed010d2a-1530-4bfa-b8a2-463aeb224c25,2023-11-08 08:15:00,5789473.0,4647798.0,6931148.0
ed010d2a-1530-4bfa-b8a2-463aeb224c25,2023-11-08 08:30:00,5817565.0,4673251.5,6961878.5
ed010d2a-1530-4bfa-b8a2-463aeb224c25,2023-11-08 08:45:00,5769072.5,4622126.5,6916018.0
ed010d2a-1530-4bfa-b8a2-463aeb224c25,2023-11-08 09:00:00,5879583.5,4730011.5,7029155.0
ed010d2a-1530-4bfa-b8a2-463aeb224c25,2023-11-08 09:15:00,5972418.5,4820226.5,7124611.0
ed010d2a-1530-4bfa-b8a2-463aeb224c25,2023-11-08 09:30:00,6018365.0,4863558.5,7173171.0
ed010d2a-1530-4bfa-b8a2-463aeb224c25,2023-11-08 09:45:00,6018055.0,4860640.5,7175470.0
ed010d2a-1530-4bfa-b8a2-463aeb224c25,2023-11-08 10:00:00,6075341.0,4915323.5,7235358.5
ed010d2a-1530-4bfa-b8a2-463aeb224c25,2023-11-08 10:15:00,6028648.5,4866034.5,7191262.5
ed010d2a-1530-4bfa-b8a2-463aeb224c25,2023-11-08 10:30:00,6040515.5,4875310.5,7205720.0
ed010d2a-1530-4bfa-b8a2-463aeb224c25,2023-11-08 10:45:00,6019688.0,4851898.0,7187478.5
ed010d2a-1530-4bfa-b8a2-463aeb224c25,2023-11-08 11:00:00,6038379.0,4868009.5,7208748.5
ed010d2a-1530-4bfa-b8a2-463aeb224c25,2023-11-08 11:15:00,6081265.0,4908321.5,7254208.5
ed010d2a-1530-4bfa-b8a2-463aeb224c25,2023-11-08 11:30:00,6154111.0,4978599.0,7329622.5
ed010d2a-1530-4bfa-b8a2-463aeb224c25,2023-11-08 11:45:00,6122014.5,4943940.5,7300088.5
ed010d2a-1530-4bfa-b8a2-463aeb224c25,2023-11-08 12:00:00,6104686.0,4924055.0,7285317.5
ed010d2a-1530-4bfa-b8a2-463aeb224c25,2023-11-08 12:15:00,6088531.0,4905348.5,7271713.5
ed010d2a-1530-4bfa-b8a2-463aeb224c25,2023-11-08 12:30:00,6093989.0,4908260.5,7279717.5
ed010d2a-1530-4bfa-b8a2-463aeb224c25,2023-11-08 12:45:00,6066691.0,4878422.0,7254960.0
ed010d2a-1530-4bfa-b8a2-463aeb224c25,2023-11-08 13:00:00,6162629.5,4971825.5,7353434.0
ed010d2a-1530-4bfa-b8a2-463aeb224c25,2023-11-08 13:15:00,6135663.0,4942329.0,7328996.5
ed010d2a-1530-4bfa-b8a2-463aeb224c25,2023-11-08 13:30:00,6091678.5,4895820.5,7287537.0
ed010d2a-1530-4bfa-b8a2-463aeb224c25,2023-11-08 13:45:00,6110563.0,4912186.0,7308940.5
ed010d2a-1530-4bfa-b8a2-463aeb224c25,2023-11-08 14:00:00,6137327.5,4936436.5,7338218.5
ed010d2a-1530-4bfa-b8a2-463aeb224c25,2023-11-08 14:15:00,6123238.0,4919838.5,7326637.5
ed010d2a-1530-4bfa-b8a2-463aeb224c25,2023-11-08 14:30:00,6098883.5,4892980.5,7304786.0
ed010d2a-1530-4bfa-b8a2-463aeb224c25,2023-11-08 14:45:00,6086890.5,4878489.5,7295291.5
ed010d2a-1530-4bfa-b8a2-463aeb224c25,2023-11-08 15:00:00,6041468.5,4830575.0,7252362.5
ed010d2a-1530-4bfa-b8a2-463aeb224c25,2023-11-08 15:15:00,5929090.0,4715708.0,7142471.5
ed010d2a-1530-4bfa-b8a2-463aeb224c25,2023-11-08 15:30:00,6015605.0,4799740.5,7231469.5
ed010d2a-1530-4bfa-b8a2-463aeb224c25,2023-11-08 15:45:00,5896256.5,4677914.0,7114598.5
ed010d2a-1530-4bfa-b8a2-463aeb224c25,2023-11-08 16:00:00,5748194.5,4527380.0,6969009.5
ed010d2a-1530-4bfa-b8a2-463aeb224c25,2023-11-08 16:15:00,5795219.5,4571937.0,7018502.0
ed010d2a-1530-4bfa-b8a2-463aeb224c25,2023-11-08 16:30:00,5677620.5,4451875.5,6903365.5
ed010d2a-1530-4bfa-b8a2-463aeb224c25,2023-11-08 16:45:00,5646204.5,4418001.5,6874407.5
ed010d2a-1530-4bfa-b8a2-463aeb224c25,2023-11-08 17:00:00,5524402.5,4293746.5,6755058.0
ed010d2a-1530-4bfa-b8a2-463aeb224c25,2023-11-08 17:15:00,5425357.5,4192253.5,6658461.0
ed010d2a-1530-4bfa-b8a2-463aeb224c25,2023-11-08 17:30:00,5301225.5,4065678.5,6536772.5
ed010d2a-1530-4bfa-b8a2-463aeb224c25,2023-11-08 17:45:00,5245833.5,4007848.2,6483818.5
ed010d2a-1530-4bfa-b8a2-463aeb224c25,2023-11-08 18:00:00,5151407.5,3910989.0,6391826.5
ed010d2a-1530-4bfa-b8a2-463aeb224c25,2023-11-08 18:15:00,5003928.0,3761080.5,6246775.0
ed010d2a-1530-4bfa-b8a2-463aeb224c25,2023-11-08 18:30:00,5070330.0,3825058.8,6315601.5
ed010d2a-1530-4bfa-b8a2-463aeb224c25,2023-11-08 18:45:00,5056937.5,3809247.0,6304628.5
ed010d2a-1530-4bfa-b8a2-463aeb224c25,2023-11-08 19:00:00,5034800.0,3784694.5,6284905.0
ed010d2a-1530-4bfa-b8a2-463aeb224c25,2023-11-08 19:15:00,5022272.0,3769756.5,6274787.0
ed010d2a-1530-4bfa-b8a2-463aeb224c25,2023-11-08 19:30:00,5062223.5,3807303.0,6317144.0
ed010d2a-1530-4bfa-b8a2-463aeb224c25,2023-11-08 19:45:00,4963274.0,3705952.8,6220595.0
ed010d2a-1530-4bfa-b8a2-463aeb224c25,2023-11-08 20:00:00,4881414.0,3621696.8,6141131.5
ed010d2a-1530-4bfa-b8a2-463aeb224c25,2023-11-08 20:15:00,4905840.5,3643731.5,6167949.5
ed010d2a-1530-4bfa-b8a2-463aeb224c25,2023-11-08 20:30:00,4912524.5,3648028.2,6177020.5
ed010d2a-1530-4bfa-b8a2-463aeb224c25,2023-11-08 20:45:00,4973672.5,3706794.0,6240551.5
ed010d2a-1530-4bfa-b8a2-463aeb224c25,2023-11-08 21:00:00,4866184.5,3596927.8,6135441.5
ed010d2a-1530-4bfa-b8a2-463aeb224c25,2023-11-08 21:15:00,4687075.0,3415444.8,5958705.5
ed010d2a-1530-4bfa-b8a2-463aeb224c25,2023-11-08 21:30:00,4702069.0,3428069.5,5976069.0
ed010d2a-1530-4bfa-b8a2-463aeb224c25,2023-11-08 21:45:00,4647739.0,3371374.2,5924103.5
ed010d2a-1530-4bfa-b8a2-463aeb224c25,2023-11-08 22:00:00,4553517.5,3274792.2,5832242.5
ed010d2a-1530-4bfa-b8a2-463aeb224c25,2023-11-08 22:15:00,4443085.5,3162004.2,5724166.5
ed010d2a-1530-4bfa-b8a2-463aeb224c25,2023-11-08 22:30:00,4388652.5,3105219.5,5672085.0
ed010d2a-1530-4bfa-b8a2-463aeb224c25,2023-11-08 22:45:00,4283054.5,2997274.0,5568835.0
ed010d2a-1530-4bfa-b8a2-463aeb224c25,2023-11-08 23:00:00,4289751.5,3001628.0,5577875.0
ed010d2a-1530-4bfa-b8a2-463aeb224c25,2023-11-08 23:15:00,4279453.0,2988990.5,5569915.5
ed010d2a-1530-4bfa-b8a2-463aeb224c25,2023-11-08 23:30:00,3521774.5,2228977.2,4814571.5
ed010d2a-1530-4bfa-b8a2-463aeb224c25,2023-11-08 23:45:00,3472103.2,2176975.5,4767231.0
ed010d2a-1530-4bfa-b8a2-463aeb224c25,2023-11-09 00:00:00,3508869.5,2211415.5,4806323.5
ed010d2a-1530-4bfa-b8a2-463aeb224c25,2023-11-09 00:15:00,4252355.5,2952579.2,5552131.5
ed010d2a-1530-4bfa-b8a2-463aeb224c25,2023-11-09 00:30:00,4228076.5,2925982.2,5530171.0
ed010d2a-1530-4bfa-b8a2-463aeb224c25,2023-11-09 00:45:00,4254698.5,2950290.2,5559106.5
ed010d2a-1530-4bfa-b8a2-463aeb224c25,2023-11-09 01:00:00,4275149.5,2968431.5,5581867.5
ed010d2a-1530-4bfa-b8a2-463aeb224c25,2023-11-09 01:15:00,4210795.5,2901772.0,5519819.5
ed010d2a-1530-4bfa-b8a2-463aeb224c25,2023-11-09 01:30:00,4307119.0,2995793.5,5618444.0
ed010d2a-1530-4bfa-b8a2-463aeb224c25,2023-11-09 01:45:00,4298230.0,2984606.8,5611853.0
ed010d2a-1530-4bfa-b8a2-463aeb224c25,2023-11-09 02:00:00,4298762.0,2982845.0,5614678.5
ed010d2a-1530-4bfa-b8a2-463aeb224c25,2023-11-09 02:15:00,4264370.5,2946164.0,5582576.5
ed010d2a-1530-4bfa-b8a2-463aeb224c25,2023-11-09 02:30:00,4345619.5,3025127.5,5666111.5
ed010d2a-1530-4bfa-b8a2-463aeb224c25,2023-11-09 02:45:00,4392196.5,3069422.8,5714970.0
ed010d2a-1530-4bfa-b8a2-463aeb224c25,2023-11-09 03:00:00,4279706.5,2954655.2,5604758.0
ed010d2a-1530-4bfa-b8a2-463aeb224c25,2023-11-09 03:15:00,3928280.2,2600954.8,5255605.5
ed010d2a-1530-4bfa-b8a2-463aeb224c25,2023-11-09 03:30:00,3958163.5,2628568.2,5287759.0
ed010d2a-1530-4bfa-b8a2-463aeb224c25,2023-11-09 03:45:00,3942311.8,2610450.2,5274173.0
ed010d2a-1530-4bfa-b8a2-463aeb224c25,2023-11-09 04:00:00,3955811.2,2621687.5,5289935.0
ed010d2a-1530-4bfa-b8a2-463aeb224c25,2023-11-09 04:15:00,4016680.8,2680298.5,5353063.0
ed010d2a-1530-4bfa-b8a2-463aeb224c25,2023-11-09 04:30:00,4103235.5,2764598.5,5441872.5
ed010d2a-1530-4bfa-b8a2-463aeb224c25,2023-11-09 04:45:00,4155304.0,2814416.2,5496191.5
ed010d2a-1530-4bfa-b8a2-463aeb224c25,2023-11-09 05:00:00,4273852.5,2930717.8,5616987.5
ed010d2a-1530-4bfa-b8a2-463aeb224c25,2023-11-09 05:15:00,4358070.5,3012692.5,5703448.5
ed010d2a-1530-4bfa-b8a2-463aeb224c25,2023-11-09 05:30:00,4528130.0,3180512.5,5875748.0
ed010d2a-1530-4bfa-b8a2-463aeb224c25,2023-11-09 05:45:00,4545100.0,3195246.5,5894953.5
ed010d2a-1530-4bfa-b8a2-463aeb224c25,2023-11-09 06:00:00,4625811.5,3273725.8,5977897.0
ed010d2a-1530-4bfa-b8a2-463aeb224c25,2023-11-09 06:15:00,4979815.5,3625501.2,6334129.5
ed010d2a-1530-4bfa-b8a2-463aeb224c25,2023-11-09 06:30:00,5061696.0,3705157.0,6418235.0
ed010d2a-1530-4bfa-b8a2-463aeb224c25,2023-11-09 06:45:00,5153783.5,3795023.2,6512543.5
ed010d2a-1530-4bfa-b8a2-463aeb224c25,2023-11-09 07:00:00,5282516.0,3921538.5,6643494.0
ed010d2a-1530-4bfa-b8a2-463aeb224c25,2023-11-09 07:15:00,5479390.0,4116198.5,6842582.0
ed010d2a-1530-4bfa-b8a2-463aeb224c25,2023-11-09 07:30:00,5690978.0,4325576.0,7056380.0
ed010d2a-1530-4bfa-b8a2-463aeb224c25,2023-11-09 07:45:00,5762118.5,4394509.5,7129727.5
ed010d2a-1530-4bfa-b8a2-463aeb224c25,2023-11-09 08:00:00,5802093.0,4432280.5,7171905.0
ed010d2a-1530-4bfa-b8a2-463aeb224c25,2023-11-09 08:15:00,5836465.0,4464453.0,7208477.0
ed010d2a-1530-4bfa-b8a2-463aeb224c25,2023-11-09 08:30:00,5905976.0,4531768.0,7280184.0
ed010d2a-1530-4bfa-b8a2-463aeb224c25,2023-11-09 08:45:00,5973858.5,4597457.5,7350259.0
ed010d2a-1530-4bfa-b8a2-463aeb224c25,2023-11-09 09:00:00,5994028.0,4615438.0,7372618.0
ed010d2a-1530-4bfa-b8a2-463aeb224c25,2023-11-09 09:15:00,6068379.5,4687603.5,7449155.0
ed010d2a-1530-4bfa-b8a2-463aeb224c25,2023-11-09 09:30:00,6162208.0,4779250.5,7545166.0
ed010d2a-1530-4bfa-b8a2-463aeb224c25,2023-11-09 09:45:00,6132015.5,4746879.0,7517152.0
ed010d2a-1530-4bfa-b8a2-463aeb224c25,2023-11-09 10:00:00,6249317.0,4862005.0,7636629.0
ed010d2a-1530-4bfa-b8a2-463aeb224c25,2023-11-09 10:15:00,6176500.0,4787016.0,7565984.0
ed010d2a-1530-4bfa-b8a2-463aeb224c25,2023-11-09 10:30:00,6161125.0,4769472.0,7552777.5
ed010d2a-1530-4bfa-b8a2-463aeb224c25,2023-11-09 10:45:00,6151067.5,4757249.5,7544885.5
ed010d2a-1530-4bfa-b8a2-463aeb224c25,2023-11-09 11:00:00,6164337.0,4768357.5,7560317.0
ed010d2a-1530-4bfa-b8a2-463aeb224c25,2023-11-09 11:15:00,6164708.5,4766570.0,7562847.0
ed010d2a-1530-4bfa-b8a2-463aeb224c25,2023-11-09 11:30:00,6209383.0,4809089.0,7609676.5
ed010d2a-1530-4bfa-b8a2-463aeb224c25,2023-11-09 11:45:00,6273804.5,4871359.0,7676250.0
ed010d2a-1530-4bfa-b8a2-463aeb224c25,2023-11-09 12:00:00,6171089.0,4766495.0,7575683.0
ed010d2a-1530-4bfa-b8a2-463aeb224c25,2023-11-09 12:15:00,6184537.0,4777797.5,7591276.5
ed010d2a-1530-4bfa-b8a2-463aeb224c25,2023-11-09 12:30:00,6211304.0,4802422.5,7620185.5
ed010d2a-1530-4bfa-b8a2-463aeb224c25,2023-11-09 12:45:00,6267127.5,4856107.5,7678148.0
ed010d2a-1530-4bfa-b8a2-463aeb224c25,2023-11-09 13:00:00,6261317.5,4848162.0,7674473.5
ed010d2a-1530-4bfa-b8a2-463aeb224c25,2023-11-09 13:15:00,6200058.0,4784770.0,7615346.0
ed010d2a-1530-4bfa-b8a2-463aeb224c25,2023-11-09 13:30:00,6230046.0,4812629.0,7647463.0
ed010d2a-1530-4bfa-b8a2-463aeb224c25,2023-11-09 13:45:00,6188341.5,4768798.5,7607884.5
ed010d2a-1530-4bfa-b8a2-463aeb224c25,2023-11-09 14:00:00,6257438.5,4835772.5,7679104.5
ed010d2a-1530-4bfa-b8a2-463aeb224c25,2023-11-09 14:15:00,6198698.5,4774913.0,7622484.0
ed010d2a-1530-4bfa-b8a2-463aeb224c25,2023-11-09 14:30:00,6185540.0,4759638.0,7611442.0
ed010d2a-1530-4bfa-b8a2-463aeb224c25,2023-11-09 14:45:00,6128043.0,4700028.0,7556058.5
ed010d2a-1530-4bfa-b8a2-463aeb224c25,2023-11-09 15:00:00,6101895.5,4671770.0,7532021.0
ed010d2a-1530-4bfa-b8a2-463aeb224c25,2023-11-09 15:15:00,6045366.5,4613134.0,7477599.0
ed010d2a-1530-4bfa-b8a2-463aeb224c25,2023-11-09 15:30:00,6068840.0,4634503.5,7503176.5
ed010d2a-1530-4bfa-b8a2-463aeb224c25,2023-11-09 15:45:00,5934657.0,4498219.5,7371094.0
ed010d2a-1530-4bfa-b8a2-463aeb224c25,2023-11-09 16:00:00,5908949.5,4470414.0,7347484.5
ed010d2a-1530-4bfa-b8a2-463aeb224c25,2023-11-09 16:15:00,5874831.5,4434201.5,7315461.5
ed010d2a-1530-4bfa-b8a2-463aeb224c25,2023-11-09 16:30:00,5860765.0,4418043.5,7303487.0
ed010d2a-1530-4bfa-b8a2-463aeb224c25,2023-11-09 16:45:00,5853089.0,4408278.5,7297899.5
ed010d2a-1530-4bfa-b8a2-463aeb224c25,2023-11-09 17:00:00,5736447.0,4289551.0,7183343.0
ed010d2a-1530-4bfa-b8a2-463aeb224c25,2023-11-09 17:15:00,5614659.0,4165680.2,7063638.0
ed010d2a-1530-4bfa-b8a2-463aeb224c25,2023-11-09 17:30:00,5524186.0,4073127.5,6975244.5
ed010d2a-1530-4bfa-b8a2-463aeb224c25,2023-11-09 17:45:00,5446325.5,3993190.2,6899460.5
ed010d2a-1530-4bfa-b8a2-463aeb224c25,2023-11-09 18:00:00,5437114.0,3981905.0,6892323.0
ed010d2a-1530-4bfa-b8a2-463aeb224c25,2023-11-09 18:15:00,5238988.0,3781708.0,6696267.5
ed010d2a-1530-4bfa-b8a2-463aeb224c25,2023-11-09 18:30:00,5254018.0,3794670.0,6713365.5
ed010d2a-1530-4bfa-b8a2-463aeb224c25,2023-11-09 18:45:00,5315681.0,3854268.2,6777093.5
ed010d2a-1530-4bfa-b8a2-463aeb224c25,2023-11-09 19:00:00,5195706.0,3732231.5,6659180.5
ed010d2a-1530-4bfa-b8a2-463aeb224c25,2023-11-09 19:15:00,5144283.5,3678749.5,6609817.0
ed010d2a-1530-4bfa-b8a2-463aeb224c25,2023-11-09 19:30:00,5192677.0,3725087.2,6660267.0
ed010d2a-1530-4bfa-b8a2-463aeb224c25,2023-11-09 19:45:00,5159355.0,3689711.8,6628998.5
ed010d2a-1530-4bfa-b8a2-463aeb224c25,2023-11-09 20:00:00,5090964.5,3619271.0,6562658.5
ed010d2a-1530-4bfa-b8a2-463aeb224c25,2023-11-09 20:15:00,5032058.5,3558317.0,6505800.0
ed010d2a-1530-4bfa-b8a2-463aeb224c25,2023-11-09 20:30:00,4898317.0,3422530.8,6374103.5
ed010d2a-1530-4bfa-b8a2-463aeb224c25,2023-11-09 20:45:00,4941935.0,3464106.5,6419763.0
ed010d2a-1530-4bfa-b8a2-463aeb224c25,2023-11-09 21:00:00,4882209.0,3402341.2,6362076.0
ed010d2a-1530-4bfa-b8a2-463aeb224c25,2023-11-09 21:15:00,4652696.5,3170793.0,6134600.5
ed010d2a-1530-4bfa-b8a2-463aeb224c25,2023-11-09 21:30:00,4655817.5,3171880.2,6139755.0
ed010d2a-1530-4bfa-b8a2-463aeb224c25,2023-11-09 21:45:00,4724340.5,3238372.2,6210308.5
ed010d2a-1530-4bfa-b8a2-463aeb224c25,2023-11-09 22:00:00,4616569.0,3128572.8,6104565.0
ed010d2a-1530-4bfa-b8a2-463aeb224c25,2023-11-09 22:15:00,4464365.0,2974343.8,5954386.5
ed010d2a-1530-4bfa-b8a2-463aeb224c25,2023-11-09 22:30:00,4439227.0,2947183.2,5931271.0
ed010d2a-1530-4bfa-b8a2-463aeb224c25,2023-11-09 22:45:00,4344015.0,2849951.5,5838078.5
ed010d2a-1530-4bfa-b8a2-463aeb224c25,2023-11-09 23:00:00,4315160.0,2819079.5,5811240.5
ed010d2a-1530-4bfa-b8a2-463aeb224c25,2023-11-09 23:15:00,4272664.5,2774569.8,5770759.5
ed010d2a-1530-4bfa-b8a2-463aeb224c25,2023-11-09 23:30:00,4222596.5,2722489.8,5722703.0
ed010d2a-1530-4bfa-b8a2-463aeb224c25,2023-11-09 23:45:00,4216374.0,2714258.8,5718489.5
ed010d2a-1530-4bfa-b8a2-463aeb224c25,2023-11-10 00:00:00,4163716.5,2659594.8,5667838.0
ed010d2a-1530-4bfa-b8a2-463aeb224c25,2023-11-10 00:15:00,4251355.5,2745230.0,5757480.5
ed010d2a-1530-4bfa-b8a2-463aeb224c25,2023-11-10 00:30:00,4250967.0,2742841.2,5759093.0
ed010d2a-1530-4bfa-b8a2-463aeb224c25,2023-11-10 00:45:00,4242568.0,2732444.0,5752692.5
ed010d2a-1530-4bfa-b8a2-463aeb224c25,2023-11-10 01:00:00,4234746.5,2722626.8,5746866.5
ed010d2a-1530-4bfa-b8a2-463aeb224c25,2023-11-10 01:15:00,4215691.5,2701578.8,5729804.5
ed010d2a-1530-4bfa-b8a2-463aeb224c25,2023-11-10 01:30:00,4330753.0,2814649.8,5846856.0
ed010d2a-1530-4bfa-b8a2-463aeb224c25,2023-11-10 01:45:00,4276422.0,2758331.2,5794513.0
ed010d2a-1530-4bfa-b8a2-463aeb224c25,2023-11-10 02:00:00,4248639.5,2728563.5,5768716.0
ed010d2a-1530-4bfa-b8a2-463aeb224c25,2023-11-10 02:15:00,4304801.0,2782742.5,5826859.5
ed010d2a-1530-4bfa-b8a2-463aeb224c25,2023-11-10 02:30:00,4334951.5,2810913.0,5858990.5
ed010d2a-1530-4bfa-b8a2-463aeb224c25,2023-11-10 02:45:00,4336834.5,2810818.2,5862850.5
ed010d2a-1530-4bfa-b8a2-463aeb224c25,2023-11-10 03:00:00,4283789.5,2755798.5,5811780.5
ed010d2a-1530-4bfa-b8a2-463aeb224c25,2023-11-10 03:15:00,3933386.5,2403423.2,5463349.5
ed010d2a-1530-4bfa-b8a2-463aeb224c25,2023-11-10 03:30:00,3936693.0,2404760.0,5468626.0
ed010d2a-1530-4bfa-b8a2-463aeb224c25,2023-11-10 03:45:00,3930248.0,2396347.8,5464148.0
ed010d2a-1530-4bfa-b8a2-463aeb224c25,2023-11-10 04:00:00,3973079.0,2437214.0,5508944.0
ed010d2a-1530-4bfa-b8a2-463aeb224c25,2023-11-10 04:15:00,4057522.2,2519695.0,5595349.0
ed010d2a-1530-4bfa-b8a2-463aeb224c25,2023-11-10 04:30:00,4112176.8,2572390.0,5651963.5
ed010d2a-1530-4bfa-b8a2-463aeb224c25,2023-11-10 04:45:00,4111333.0,2569589.0,5653077.0
ed010d2a-1530-4bfa-b8a2-463aeb224c25,2023-11-10 05:00:00,4249388.5,2705689.8,5793087.0
ed010d2a-1530-4bfa-b8a2-463aeb224c25,2023-11-10 05:15:00,4368251.5,2822600.8,5913902.5
ed010d2a-1530-4bfa-b8a2-463aeb224c25,2023-11-10 05:30:00,4486843.0,2939242.2,6034443.5
ed010d2a-1530-4bfa-b8a2-463aeb224c25,2023-11-10 05:45:00,4536330.5,2986782.5,6085879.0
ed010d2a-1530-4bfa-b8a2-463aeb224c25,2023-11-10 06:00:00,4622357.0,3070864.0,6173850.0
ed010d2a-1530-4bfa-b8a2-463aeb224c25,2023-11-10 06:15:00,4871674.0,3318238.5,6425109.5
ed010d2a-1530-4bfa-b8a2-463aeb224c25,2023-11-10 06:30:00,5032053.5,3476678.0,6587429.0
ed010d2a-1530-4bfa-b8a2-463aeb224c25,2023-11-10 06:45:00,5169848.0,3612535.0,6727161.0
ed010d2a-1530-4bfa-b8a2-463aeb224c25,2023-11-10 07:00:00,5268148.5,3708900.0,6827396.5
ed010d2a-1530-4bfa-b8a2-463aeb224c25,2023-11-10 07:15:00,5474727.0,3913545.8,7035908.0
ed010d2a-1530-4bfa-b8a2-463aeb224c25,2023-11-10 07:30:00,5690716.5,4127604.8,7253828.0
ed010d2a-1530-4bfa-b8a2-463aeb224c25,2023-11-10 07:45:00,5725264.5,4160225.0,7290304.0
ed010d2a-1530-4bfa-b8a2-463aeb224c25,2023-11-10 08:00:00,5792864.0,4225898.5,7359829.0
ed010d2a-1530-4bfa-b8a2-463aeb224c25,2023-11-10 08:15:00,5852530.5,4283642.0,7421419.0
ed010d2a-1530-4bfa-b8a2-463aeb224c25,2023-11-10 08:30:00,5872611.0,4301801.5,7443420.5
ed010d2a-1530-4bfa-b8a2-463aeb224c25,2023-11-10 08:45:00,5894487.5,4321759.5,7467216.0
ed010d2a-1530-4bfa-b8a2-463aeb224c25,2023-11-10 09:00:00,5983233.5,4408589.0,7557878.0
ed010d2a-1530-4bfa-b8a2-463aeb224c25,2023-11-10 09:15:00,6021985.5,4445427.5,7598544.0
ed010d2a-1530-4bfa-b8a2-463aeb224c25,2023-11-10 09:30:00,6018600.0,4440130.0,7597070.0
ed010d2a-1530-4bfa-b8a2-463aeb224c25,2023-11-10 09:45:00,6102699.5,4522320.0,7683078.5
ed010d2a-1530-4bfa-b8a2-463aeb224c25,2023-11-10 10:00:00,6101233.5,4518947.0,7683519.5
ed010d2a-1530-4bfa-b8a2-463aeb224c25,2023-11-10 10:15:00,6088471.0,4504280.0,7672661.5
ed010d2a-1530-4bfa-b8a2-463aeb224c25,2023-11-10 10:30:00,6155835.0,4569741.5,7741928.5
ed010d2a-1530-4bfa-b8a2-463aeb224c25,2023-11-10 10:45:00,6132401.5,4544408.0,7720395.0
ed010d2a-1530-4bfa-b8a2-463aeb224c25,2023-11-10 11:00:00,6173620.0,4583729.0,7763511.5
ed010d2a-1530-4bfa-b8a2-463aeb224c25,2023-11-10 11:15:00,6092940.5,4501153.5,7684727.5
ed010d2a-1530-4bfa-b8a2-463aeb224c25,2023-11-10 11:30:00,6084809.0,4491128.5,7678489.0
ed010d2a-1530-4bfa-b8a2-463aeb224c25,2023-11-10 11:45:00,6109980.0,4514408.5,7705551.5
ed010d2a-1530-4bfa-b8a2-463aeb224c25,2023-11-10 12:00:00,6088830.5,4491370.0,7686290.5
ed010d2a-1530-4bfa-b8a2-463aeb224c25,2023-11-10 12:15:00,6115557.0,4516210.0,7714903.5
ed010d2a-1530-4bfa-b8a2-463aeb224c25,2023-11-10 12:30:00,6116160.5,4514929.5,7717392.0
ed010d2a-1530-4bfa-b8a2-463aeb224c25,2023-11-10 12:45:00,6045321.5,4442208.0,7648435.0
ed010d2a-1530-4bfa-b8a2-463aeb224c25,2023-11-10 13:00:00,6209894.5,4604901.0,7814888.0
ed010d2a-1530-4bfa-b8a2-463aeb224c25,2023-11-10 13:15:00,6204808.0,4597937.0,7811679.5
ed010d2a-1530-4bfa-b8a2-463aeb224c25,2023-11-10 13:30:00,6107936.5,4499190.0,7716683.5
ed010d2a-1530-4bfa-b8a2-463aeb224c25,2023-11-10 13:45:00,6096470.0,4485849.5,7707090.0
ed010d2a-1530-4bfa-b8a2-463aeb224c25,2023-11-10 14:00:00,6112770.5,4500279.0,7725262.0
ed010d2a-1530-4bfa-b8a2-463aeb224c25,2023-11-10 14:15:00,6106816.0,4492455.5,7721176.5
ed010d2a-1530-4bfa-b8a2-463aeb224c25,2023-11-10 14:30:00,6047038.5,4430811.0,7663266.0
ed010d2a-1530-4bfa-b8a2-463aeb224c25,2023-11-10 14:45:00,5951634.5,4333542.0,7569726.5
ed010d2a-1530-4bfa-b8a2-463aeb224c25,2023-11-10 15:00:00,5916847.0,4296892.0,7536802.0
ed010d2a-1530-4bfa-b8a2-463aeb224c25,2023-11-10 15:15:00,5841104.5,4219289.0,7462919.5
ed010d2a-1530-4bfa-b8a2-463aeb224c25,2023-11-10 15:30:00,5865895.0,4242221.5,7489568.5
ed010d2a-1530-4bfa-b8a2-463aeb224c25,2023-11-10 15:45:00,5748989.5,4123459.5,7374519.0
ed010d2a-1530-4bfa-b8a2-463aeb224c25,2023-11-10 16:00:00,5653768.0,4026384.2,7281152.0
ed010d2a-1530-4bfa-b8a2-463aeb224c25,2023-11-10 16:15:00,5540621.0,3911385.2,7169857.0
ed010d2a-1530-4bfa-b8a2-463aeb224c25,2023-11-10 16:30:00,5467319.5,3836233.5,7098405.0
ed010d2a-1530-4bfa-b8a2-463aeb224c25,2023-11-10 16:45:00,5486548.0,3853614.8,7119481.5
ed010d2a-1530-4bfa-b8a2-463aeb224c25,2023-11-10 17:00:00,5313764.5,3678985.2,6948543.5
ed010d2a-1530-4bfa-b8a2-463aeb224c25,2023-11-10 17:15:00,5172302.5,3535679.5,6808925.0
ed010d2a-1530-4bfa-b8a2-463aeb224c25,2023-11-10 17:30:00,5142952.0,3504487.5,6781416.0
ed010d2a-1530-4bfa-b8a2-463aeb224c25,2023-11-10 17:45:00,4978435.5,3338131.5,6618739.0
ed010d2a-1530-4bfa-b8a2-463aeb224c25,2023-11-10 18:00:00,4957703.5,3315562.5,6599845.0
ed010d2a-1530-4bfa-b8a2-463aeb224c25,2023-11-10 18:15:00,4831911.0,3187934.5,6475887.5
ed010d2a-1530-4bfa-b8a2-463aeb224c25,2023-11-10 18:30:00,4900057.0,3254247.0,6545866.5
ed010d2a-1530-4bfa-b8a2-463aeb224c25,2023-11-10 18:45:00,4904862.0,3257221.0,6552503.5
ed010d2a-1530-4bfa-b8a2-463aeb224c25,2023-11-10 19:00:00,4818704.5,3169234.0,6468175.0
ed010d2a-1530-4bfa-b8a2-463aeb224c25,2023-11-10 19:15:00,4801236.5,3149938.8,6452534.0
ed010d2a-1530-4bfa-b8a2-463aeb224c25,2023-11-10 19:30:00,4882162.0,3229039.5,6535285.0
ed010d2a-1530-4bfa-b8a2-463aeb224c25,2023-11-10 19:45:00,4802701.5,3147755.8,6457647.5
ed010d2a-1530-4bfa-b8a2-463aeb224c25,2023-11-10 20:00:00,4712813.0,3056046.0,6369580.5
ed010d2a-1530-4bfa-b8a2-463aeb224c25,2023-11-10 20:15:00,4707704.0,3049118.0,6366290.5
ed010d2a-1530-4bfa-b8a2-463aeb224c25,2023-11-10 20:30:00,4772563.5,3112160.2,6432967.0
ed010d2a-1530-4bfa-b8a2-463aeb224c25,2023-11-10 20:45:00,4721788.5,3059569.8,6384007.0
ed010d2a-1530-4bfa-b8a2-463aeb224c25,2023-11-10 21:00:00,4689559.5,3025527.8,6353591.5
ed010d2a-1530-4bfa-b8a2-463aeb224c25,2023-11-10 21:15:00,4536495.5,2870652.2,6202338.5
ed010d2a-1530-4bfa-b8a2-463aeb224c25,2023-11-10 21:30:00,4579324.5,2911672.0,6246977.0
ed010d2a-1530-4bfa-b8a2-463aeb224c25,2023-11-10 21:45:00,4587794.5,2918334.8,6257254.5
ed010d2a-1530-4bfa-b8a2-463aeb224c25,2023-11-10 22:00:00,4424487.0,2753222.0,6095752.0
ed010d2a-1530-4bfa-b8a2-463aeb224c25,2023-11-10 22:15:00,4311239.5,2638171.2,5984308.0
ed010d2a-1530-4bfa-b8a2-463aeb224c25,2023-11-10 22:30:00,4331108.5,2656238.5,6005978.5
ed010d2a-1530-4bfa-b8a2-463aeb224c25,2023-11-10 22:45:00,4226871.0,2550201.2,5903540.5
ed010d2a-1530-4bfa-b8a2-463aeb224c25,2023-11-10 23:00:00,4180383.8,2501916.8,5858851.0
ed010d2a-1530-4bfa-b8a2-463aeb224c25,2023-11-10 23:15:00,4142503.5,2462240.8,5822766.0
ed010d2a-1530-4bfa-b8a2-463aeb224c25,2023-11-10 23:30:00,4124963.0,2442906.5,5807019.5
ed010d2a-1530-4bfa-b8a2-463aeb224c25,2023-11-10 23:45:00,4107627.8,2423779.2,5791476.0
ed010d2a-1530-4bfa-b8a2-463aeb224c25,2023-11-11 00:00:00,4010837.0,2325198.5,5696475.0
ed010d2a-1530-4bfa-b8a2-463aeb224c25,2023-11-11 00:15:00,4093810.5,2406384.2,5781237.0
ed010d2a-1530-4bfa-b8a2-463aeb224c25,2023-11-11 00:30:00,4082539.5,2393327.0,5771752.0
ed010d2a-1530-4bfa-b8a2-463aeb224c25,2023-11-11 00:45:00,4045350.5,2354353.8,5736347.5
ed010d2a-1530-4bfa-b8a2-463aeb224c25,2023-11-11 01:00:00,4002905.8,2310126.5,5695685.0
ed010d2a-1530-4bfa-b8a2-463aeb224c25,2023-11-11 01:15:00,3998658.5,2304098.8,5693218.0
ed010d2a-1530-4bfa-b8a2-463aeb224c25,2023-11-11 01:30:00,4056591.0,2360252.5,5752929.0
ed010d2a-1530-4bfa-b8a2-463aeb224c25,2023-11-11 01:45:00,4083240.2,2385125.0,5781355.0
ed010d2a-1530-4bfa-b8a2-463aeb224c25,2023-11-11 02:00:00,4039078.2,2339188.2,5738968.0
ed010d2a-1530-4bfa-b8a2-463aeb224c25,2023-11-11 02:15:00,4047724.0,2346060.8,5749387.0
ed010d2a-1530-4bfa-b8a2-463aeb224c25,2023-11-11 02:30:00,4063100.0,2359665.8,5766534.5
ed010d2a-1530-4bfa-b8a2-463aeb224c25,2023-11-11 02:45:00,4086768.2,2381564.5,5791972.0
ed010d2a-1530-4bfa-b8a2-463aeb224c25,2023-11-11 03:00:00,4008713.5,2301742.2,5715685.0
ed010d2a-1530-4bfa-b8a2-463aeb224c25,2023-11-11 03:15:00,3634857.0,1926120.0,5343594.0
ed010d2a-1530-4bfa-b8a2-463aeb224c25,2023-11-11 03:30:00,3635339.0,1924838.1,5345840.0
ed010d2a-1530-4bfa-b8a2-463aeb224c25,2023-11-11 03:45:00,3604231.0,1891968.1,5316494.0
ed010d2a-1530-4bfa-b8a2-463aeb224c25,2023-11-11 04:00:00,3553502.5,1839479.1,5267525.5
ed010d2a-1530-4bfa-b8a2-463aeb224c25,2023-11-11 04:15:00,3566572.8,1850791.1,5282354.5
ed010d2a-1530-4bfa-b8a2-463aeb224c25,2023-11-11 04:30:00,3558309.0,1840770.8,5275847.5
ed010d2a-1530-4bfa-b8a2-463aeb224c25,2023-11-11 04:45:00,3487568.0,1768274.8,5206861.0
ed010d2a-1530-4bfa-b8a2-463aeb224c25,2023-11-11 05:00:00,3489130.5,1768084.2,5210177.0
ed010d2a-1530-4bfa-b8a2-463aeb224c25,2023-11-11 05:15:00,3349989.0,1627191.4,5072786.5
ed010d2a-1530-4bfa-b8a2-463aeb224c25,2023-11-11 05:30:00,3384784.8,1660237.6,5109332.0
ed010d2a-1530-4bfa-b8a2-463aeb224c25,2023-11-11 05:45:00,3329572.2,1603277.5,5055867.0
ed010d2a-1530-4bfa-b8a2-463aeb224c25,2023-11-11 06:00:00,3323891.2,1595850.5,5051932.0
ed010d2a-1530-4bfa-b8a2-463aeb224c25,2023-11-11 06:15:00,3358260.5,1628475.4,5088045.5
ed010d2a-1530-4bfa-b8a2-463aeb224c25,2023-11-11 06:30:00,3204709.5,1473181.9,4936237.0
ed010d2a-1530-4bfa-b8a2-463aeb224c25,2023-11-11 06:45:00,3243915.5,1510647.4,4977184.0
ed010d2a-1530-4bfa-b8a2-463aeb224c25,2023-11-11 07:00:00,3179733.8,1444726.6,4914741.0
ed010d2a-1530-4bfa-b8a2-463aeb224c25,2023-11-11 07:15:00,3340782.8,1604038.4,5077527.0
ed010d2a-1530-4bfa-b8a2-463aeb224c25,2023-11-11 07:30:00,3373165.8,1634685.8,5111645.5
ed010d2a-1530-4bfa-b8a2-463aeb224c25,2023-11-11 07:45:00,3466315.0,1726101.2,5206528.5
ed010d2a-1530-4bfa-b8a2-463aeb224c25,2023-11-11 08:00:00,3534945.2,1792999.6,5276891.0
ed010d2a-1530-4bfa-b8a2-463aeb224c25,2023-11-11 08:15:00,3585136.5,1841460.6,5328812.5
ed010d2a-1530-4bfa-b8a2-463aeb224c25,2023-11-11 08:30:00,3534044.2,1788639.8,5279449.0
ed010d2a-1530-4bfa-b8a2-463aeb224c25,2023-11-11 08:45:00,3643724.2,1896592.9,5390856.0
ed010d2a-1530-4bfa-b8a2-463aeb224c25,2023-11-11 09:00:00,3639831.5,1890974.8,5388688.0
ed010d2a-1530-4bfa-b8a2-463aeb224c25,2023-11-11 09:15:00,3728668.2,1978088.2,5479248.5
ed010d2a-1530-4bfa-b8a2-463aeb224c25,2023-11-11 09:30:00,3722252.8,1969951.0,5474554.5
ed010d2a-1530-4bfa-b8a2-463aeb224c25,2023-11-11 09:45:00,3711018.8,1956996.8,5465040.5
ed010d2a-1530-4bfa-b8a2-463aeb224c25,2023-11-11 10:00:00,3768352.2,2012611.8,5524092.5
ed010d2a-1530-4bfa-b8a2-463aeb224c25,2023-11-11 10:15:00,3750404.0,1992946.9,5507861.0
ed010d2a-1530-4bfa-b8a2-463aeb224c25,2023-11-11 10:30:00,3764824.0,2005652.0,5523996.5
ed010d2a-1530-4bfa-b8a2-463aeb224c25,2023-11-11 10:45:00,3836394.0,2075508.4,5597279.5
ed010d2a-1530-4bfa-b8a2-463aeb224c25,2023-11-11 11:00:00,3834559.0,2071961.9,5597156.5
ed010d2a-1530-4bfa-b8a2-463aeb224c25,2023-11-11 11:15:00,3831436.5,2067129.2,5595744.0
ed010d2a-1530-4bfa-b8a2-463aeb224c25,2023-11-11 11:30:00,3810430.2,2044414.5,5576446.0
ed010d2a-1530-4bfa-b8a2-463aeb224c25,2023-11-11 11:45:00,3941792.5,2174070.0,5709515.0
ed010d2a-1530-4bfa-b8a2-463aeb224c25,2023-11-11 12:00:00,3892065.2,2122637.5,5661492.5
ed010d2a-1530-4bfa-b8a2-463aeb224c25,2023-11-11 12:15:00,3856292.5,2085161.4,5627423.5
ed010d2a-1530-4bfa-b8a2-463aeb224c25,2023-11-11 12:30:00,3847904.0,2075071.1,5620737.0
ed010d2a-1530-4bfa-b8a2-463aeb224c25,2023-11-11 12:45:00,3908941.2,2134408.2,5683474.5
ed010d2a-1530-4bfa-b8a2-463aeb224c25,2023-11-11 13:00:00,3991548.5,2215317.0,5767780.0
ed010d2a-1530-4bfa-b8a2-463aeb224c25,2023-11-11 13:15:00,3956121.8,2178193.2,5734050.0
ed010d2a-1530-4bfa-b8a2-463aeb224c25,2023-11-11 13:30:00,3909682.2,2130058.5,5689306.0
ed010d2a-1530-4bfa-b8a2-463aeb224c25,2023-11-11 13:45:00,4000982.2,2219664.8,5782300.0
ed010d2a-1530-4bfa-b8a2-463aeb224c25,2023-11-11 14:00:00,4018216.2,2235206.5,5801226.0
ed010d2a-1530-4bfa-b8a2-463aeb224c25,2023-11-11 14:15:00,3998638.8,2213938.8,5783339.0
ed010d2a-1530-4bfa-b8a2-463aeb224c25,2023-11-11 14:30:00,4003628.0,2217239.0,5790017.0
ed010d2a-1530-4bfa-b8a2-463aeb224c25,2023-11-11 14:45:00,3956902.5,2168826.0,5744978.5
ed010d2a-1530-4bfa-b8a2-463aeb224c25,2023-11-11 15:00:00,3995100.2,2205338.0,5784862.0
ed010d2a-1530-4bfa-b8a2-463aeb224c25,2023-11-11 15:15:00,3913816.8,2122370.5,5705263.0
ed010d2a-1530-4bfa-b8a2-463aeb224c25,2023-11-11 15:30:00,4074349.2,2281220.5,5867478.0
ed010d2a-1530-4bfa-b8a2-463aeb224c25,2023-11-11 15:45:00,3970414.2,2175604.5,5765224.0
ed010d2a-1530-4bfa-b8a2-463aeb224c25,2023-11-11 16:00:00,4047640.0,2251150.8,5844129.0
ed010d2a-1530-4bfa-b8a2-463aeb224c25,2023-11-11 16:15:00,4122471.2,2324304.5,5920638.0
ed010d2a-1530-4bfa-b8a2-463aeb224c25,2023-11-11 16:30:00,4138333.5,2338490.2,5938176.5
ed010d2a-1530-4bfa-b8a2-463aeb224c25,2023-11-11 16:45:00,4175521.2,2374003.5,5977039.0
ed010d2a-1530-4bfa-b8a2-463aeb224c25,2023-11-11 17:00:00,4234055.0,2430864.0,6037246.0
ed010d2a-1530-4bfa-b8a2-463aeb224c25,2023-11-11 17:15:00,4184711.2,2379848.5,5989574.0
ed010d2a-1530-4bfa-b8a2-463aeb224c25,2023-11-11 17:30:00,4223346.5,2416813.8,6029879.0
ed010d2a-1530-4bfa-b8a2-463aeb224c25,2023-11-11 17:45:00,4158530.2,2350329.2,5966731.5
ed010d2a-1530-4bfa-b8a2-463aeb224c25,2023-11-11 18:00:00,4167181.8,2357313.5,5977049.5
ed010d2a-1530-4bfa-b8a2-463aeb224c25,2023-11-11 18:15:00,4038661.5,2227128.0,5850195.0
ed010d2a-1530-4bfa-b8a2-463aeb224c25,2023-11-11 18:30:00,4097505.0,2284307.5,5910702.5
ed010d2a-1530-4bfa-b8a2-463aeb224c25,2023-11-11 18:45:00,4101177.0,2286317.2,5916037.0
ed010d2a-1530-4bfa-b8a2-463aeb224c25,2023-11-11 19:00:00,4099322.5,2282801.8,5915843.0
ed010d2a-1530-4bfa-b8a2-463aeb224c25,2023-11-11 19:15:00,4047206.0,2229026.0,5865386.0
ed010d2a-1530-4bfa-b8a2-463aeb224c25,2023-11-11 19:30:00,4110094.2,2290256.5,5929932.0
ed010d2a-1530-4bfa-b8a2-463aeb224c25,2023-11-11 19:45:00,4144348.8,2322854.5,5965843.0
ed010d2a-1530-4bfa-b8a2-463aeb224c25,2023-11-11 20:00:00,4124077.5,2300928.5,5947226.5
ed010d2a-1530-4bfa-b8a2-463aeb224c25,2023-11-11 20:15:00,4142731.8,2317929.5,5967534.0
ed010d2a-1530-4bfa-b8a2-463aeb224c25,2023-11-11 20:30:00,4117561.2,2291107.2,5944015.5
ed010d2a-1530-4bfa-b8a2-463aeb224c25,2023-11-11 20:45:00,4200059.5,2371955.0,6028164.0
ed010d2a-1530-4bfa-b8a2-463aeb224c25,2023-11-11 21:00:00,4157097.0,2327343.8,5986850.0
ed010d2a-1530-4bfa-b8a2-463aeb224c25,2023-11-11 21:15:00,4083695.2,2252294.8,5915096.0
ed010d2a-1530-4bfa-b8a2-463aeb224c25,2023-11-11 21:30:00,4119725.2,2286679.0,5952772.0
ed010d2a-1530-4bfa-b8a2-463aeb224c25,2023-11-11 21:45:00,4226777.0,2392086.5,6061468.0
ed010d2a-1530-4bfa-b8a2-463aeb224c25,2023-11-11 22:00:00,4054403.2,2218069.5,5890737.0
ed010d2a-1530-4bfa-b8a2-463aeb224c25,2023-11-11 22:15:00,3984515.0,2146539.8,5822490.0
ed010d2a-1530-4bfa-b8a2-463aeb224c25,2023-11-11 22:30:00,4071625.2,2232010.0,5911240.5
ed010d2a-1530-4bfa-b8a2-463aeb224c25,2023-11-11 22:45:00,3966204.5,2124950.8,5807458.0
ed010d2a-1530-4bfa-b8a2-463aeb224c25,2023-11-11 23:00:00,3943999.2,2101108.5,5786890.0
ed010d2a-1530-4bfa-b8a2-463aeb224c25,2023-11-11 23:15:00,3923633.0,2079106.8,5768159.5
ed010d2a-1530-4bfa-b8a2-463aeb224c25,2023-11-11 23:30:00,3911162.2,2065001.8,5757323.0
ed010d2a-1530-4bfa-b8a2-463aeb224c25,2023-11-11 23:45:00,3843241.8,1995448.5,5691035.0
ed010d2a-1530-4bfa-b8a2-463aeb224c25,2023-11-12 00:00:00,3834488.5,1985063.9,5683913.0
ed010d2a-1530-4bfa-b8a2-463aeb224c25,2023-11-12 00:15:00,3949302.0,2098247.8,5800356.5
ed010d2a-1530-4bfa-b8a2-463aeb224c25,2023-11-12 00:30:00,3937546.5,2084863.6,5790229.0
ed010d2a-1530-4bfa-b8a2-463aeb224c25,2023-11-12 00:45:00,3918200.0,2063890.2,5772510.0
ed010d2a-1530-4bfa-b8a2-463aeb224c25,2023-11-12 01:00:00,3920409.8,2064474.4,5776345.0
ed010d2a-1530-4bfa-b8a2-463aeb224c25,2023-11-12 01:15:00,3914964.0,2057404.5,5772523.5
ed010d2a-1530-4bfa-b8a2-463aeb224c25,2023-11-12 01:30:00,3917202.0,2058019.8,5776384.0
ed010d2a-1530-4bfa-b8a2-463aeb224c25,2023-11-12 01:45:00,3955735.2,2094931.8,5816538.5
ed010d2a-1530-4bfa-b8a2-463aeb224c25,2023-11-12 02:00:00,3951402.0,2088978.6,5813825.5
ed010d2a-1530-4bfa-b8a2-463aeb224c25,2023-11-12 02:15:00,4004051.0,2140009.2,5868093.0
ed010d2a-1530-4bfa-b8a2-463aeb224c25,2023-11-12 02:30:00,4007480.0,2141821.0,5873139.0
ed010d2a-1530-4bfa-b8a2-463aeb224c25,2023-11-12 02:45:00,4016716.2,2149441.8,5883991.0
ed010d2a-1530-4bfa-b8a2-463aeb224c25,2023-11-12 03:00:00,3967293.2,2098404.5,5836182.0
ed010d2a-1530-4bfa-b8a2-463aeb224c25,2023-11-12 03:15:00,3614598.2,1744096.5,5485100.0
ed010d2a-1530-4bfa-b8a2-463aeb224c25,2023-11-12 03:30:00,3593391.0,1721277.9,5465504.5
ed010d2a-1530-4bfa-b8a2-463aeb224c25,2023-11-12 03:45:00,3527885.2,1654161.9,5401608.5
ed010d2a-1530-4bfa-b8a2-463aeb224c25,2023-11-12 04:00:00,3511260.2,1635928.1,5386592.5
ed010d2a-1530-4bfa-b8a2-463aeb224c25,2023-11-12 04:15:00,3482298.5,1605359.0,5359238.0
ed010d2a-1530-4bfa-b8a2-463aeb224c25,2023-11-12 04:30:00,3477632.2,1599086.9,5356177.5
ed010d2a-1530-4bfa-b8a2-463aeb224c25,2023-11-12 04:45:00,3464560.5,1584410.5,5344710.5
ed010d2a-1530-4bfa-b8a2-463aeb224c25,2023-11-12 05:00:00,3478469.0,1596715.8,5360222.0
ed010d2a-1530-4bfa-b8a2-463aeb224c25,2023-11-12 05:15:00,3288114.5,1404759.5,5171469.5
ed010d2a-1530-4bfa-b8a2-463aeb224c25,2023-11-12 05:30:00,3345611.5,1460655.9,5230567.0
ed010d2a-1530-4bfa-b8a2-463aeb224c25,2023-11-12 05:45:00,3285940.0,1399385.2,5172494.5
ed010d2a-1530-4bfa-b8a2-463aeb224c25,2023-11-12 06:00:00,3206526.5,1318374.0,5094679.0
ed010d2a-1530-4bfa-b8a2-463aeb224c25,2023-11-12 06:15:00,3269968.2,1380219.2,5159717.0
ed010d2a-1530-4bfa-b8a2-463aeb224c25,2023-11-12 06:30:00,3239053.0,1347708.9,5130397.0
ed010d2a-1530-4bfa-b8a2-463aeb224c25,2023-11-12 06:45:00,3207291.5,1314353.8,5100229.5
ed010d2a-1530-4bfa-b8a2-463aeb224c25,2023-11-12 07:00:00,3124518.0,1229987.9,5019048.0
ed010d2a-1530-4bfa-b8a2-463aeb224c25,2023-11-12 07:15:00,3208224.5,1312103.1,5104345.5
ed010d2a-1530-4bfa-b8a2-463aeb224c25,2023-11-12 07:30:00,3259571.2,1361860.4,5157282.5
ed010d2a-1530-4bfa-b8a2-463aeb224c25,2023-11-12 07:45:00,3210862.8,1311563.4,5110162.0
ed010d2a-1530-4bfa-b8a2-463aeb224c25,2023-11-12 08:00:00,3263389.0,1362502.6,5164275.5
ed010d2a-1530-4bfa-b8a2-463aeb224c25,2023-11-12 08:15:00,3279876.5,1377404.4,5182349.0
ed010d2a-1530-4bfa-b8a2-463aeb224c25,2023-11-12 08:30:00,3244247.5,1340190.8,5148304.0
ed010d2a-1530-4bfa-b8a2-463aeb224c25,2023-11-12 08:45:00,3304947.2,1399307.4,5210587.0
ed010d2a-1530-4bfa-b8a2-463aeb224c25,2023-11-12 09:00:00,3353436.2,1446214.8,5260658.0
ed010d2a-1530-4bfa-b8a2-463aeb224c25,2023-11-12 09:15:00,3417191.0,1508388.9,5325993.0
ed010d2a-1530-4bfa-b8a2-463aeb224c25,2023-11-12 09:30:00,3561280.5,1650899.2,5471662.0
ed010d2a-1530-4bfa-b8a2-463aeb224c25,2023-11-12 09:45:00,3533915.8,1621956.6,5445875.0
ed010d2a-1530-4bfa-b8a2-463aeb224c25,2023-11-12 10:00:00,3592335.8,1678800.0,5505871.5
ed010d2a-1530-4bfa-b8a2-463aeb224c25,2023-11-12 10:15:00,3655869.5,1740758.5,5570980.5
ed010d2a-1530-4bfa-b8a2-463aeb224c25,2023-11-12 10:30:00,3707908.5,1791223.4,5624593.5
ed010d2a-1530-4bfa-b8a2-463aeb224c25,2023-11-12 10:45:00,3710898.0,1792640.4,5629156.0
ed010d2a-1530-4bfa-b8a2-463aeb224c25,2023-11-12 11:00:00,3732236.5,1812407.4,5652065.5
ed010d2a-1530-4bfa-b8a2-463aeb224c25,2023-11-12 11:15:00,3769718.0,1848318.9,5691117.5
ed010d2a-1530-4bfa-b8a2-463aeb224c25,2023-11-12 11:30:00,3760214.2,1837246.2,5683182.5
ed010d2a-1530-4bfa-b8a2-463aeb224c25,2023-11-12 11:45:00,3734711.0,1810175.4,5659246.5
ed010d2a-1530-4bfa-b8a2-463aeb224c25,2023-11-12 12:00:00,3757135.8,1831033.9,5683237.5
ed010d2a-1530-4bfa-b8a2-463aeb224c25,2023-11-12 12:15:00,3695763.2,1768096.2,5623430.0
ed010d2a-1530-4bfa-b8a2-463aeb224c25,2023-11-12 12:30:00,3719026.2,1789795.6,5648257.0
ed010d2a-1530-4bfa-b8a2-463aeb224c25,2023-11-12 12:45:00,3783040.2,1852247.1,5713833.5
ed010d2a-1530-4bfa-b8a2-463aeb224c25,2023-11-12 13:00:00,3793930.0,1861575.6,5726284.5
ed010d2a-1530-4bfa-b8a2-463aeb224c25,2023-11-12 13:15:00,3798365.8,1864451.4,5732280.0
ed010d2a-1530-4bfa-b8a2-463aeb224c25,2023-11-12 13:30:00,3819160.0,1883687.0,5754633.0
ed010d2a-1530-4bfa-b8a2-463aeb224c25,2023-11-12 13:45:00,3849388.2,1912357.9,5786418.5
ed010d2a-1530-4bfa-b8a2-463aeb224c25,2023-11-12 14:00:00,3923214.2,1984627.8,5861801.0
ed010d2a-1530-4bfa-b8a2-463aeb224c25,2023-11-12 14:15:00,3838114.5,1897973.0,5778256.0
ed010d2a-1530-4bfa-b8a2-463aeb224c25,2023-11-12 14:30:00,3965551.8,2023856.4,5907247.0
ed010d2a-1530-4bfa-b8a2-463aeb224c25,2023-11-12 14:45:00,3988347.0,2045099.2,5931594.5
ed010d2a-1530-4bfa-b8a2-463aeb224c25,2023-11-12 15:00:00,3950876.5,2006077.6,5895675.5
ed010d2a-1530-4bfa-b8a2-463aeb224c25,2023-11-12 15:15:00,3960447.5,2014098.5,5906796.5
ed010d2a-1530-4bfa-b8a2-463aeb224c25,2023-11-12 15:30:00,4080294.2,2132396.5,6028192.0
ed010d2a-1530-4bfa-b8a2-463aeb224c25,2023-11-12 15:45:00,4040727.2,2091282.1,5990172.5
ed010d2a-1530-4bfa-b8a2-463aeb224c25,2023-11-12 16:00:00,4033226.8,2082235.2,5984218.0
ed010d2a-1530-4bfa-b8a2-463aeb224c25,2023-11-12 16:15:00,4082068.5,2129532.0,6034605.0
ed010d2a-1530-4bfa-b8a2-463aeb224c25,2023-11-12 16:30:00,4128245.2,2174165.0,6082325.5
ed010d2a-1530-4bfa-b8a2-463aeb224c25,2023-11-12 16:45:00,4275437.0,2319813.8,6231060.0
ed010d2a-1530-4bfa-b8a2-463aeb224c25,2023-11-12 17:00:00,4147238.8,2190074.5,6104403.0
ed010d2a-1530-4bfa-b8a2-463aeb224c25,2023-11-12 17:15:00,4211112.0,2252407.2,6169816.5
ed010d2a-1530-4bfa-b8a2-463aeb224c25,2023-11-12 17:30:00,4179786.2,2219542.8,6140030.0
ed010d2a-1530-4bfa-b8a2-463aeb224c25,2023-11-12 17:45:00,4198995.0,2237213.8,6160776.5
ed010d2a-1530-4bfa-b8a2-463aeb224c25,2023-11-12 18:00:00,4212639.0,2249321.2,6175957.0
ed010d2a-1530-4bfa-b8a2-463aeb224c25,2023-11-12 18:15:00,4108198.5,2143345.2,6073051.5
ed010d2a-1530-4bfa-b8a2-463aeb224c25,2023-11-12 18:30:00,4150408.0,2184020.5,6116795.5
ed010d2a-1530-4bfa-b8a2-463aeb224c25,2023-11-12 18:45:00,4228978.0,2261057.8,6196898.5
ed010d2a-1530-4bfa-b8a2-463aeb224c25,2023-11-12 19:00:00,4249030.5,2279578.2,6218482.5
ed010d2a-1530-4bfa-b8a2-463aeb224c25,2023-11-12 19:15:00,4224985.5,2254003.0,6195968.5
ed010d2a-1530-4bfa-b8a2-463aeb224c25,2023-11-12 19:30:00,4256856.0,2284343.8,6229368.0
ed010d2a-1530-4bfa-b8a2-463aeb224c25,2023-11-12 19:45:00,4252895.0,2278854.5,6226935.5
ed010d2a-1530-4bfa-b8a2-463aeb224c25,2023-11-12 20:00:00,4190998.5,2215431.0,6166566.0
ed010d2a-1530-4bfa-b8a2-463aeb224c25,2023-11-12 20:15:00,4215451.0,2238357.8,6192544.5
ed010d2a-1530-4bfa-b8a2-463aeb224c25,2023-11-12 20:30:00,4195821.0,2217203.0,6174439.0
ed010d2a-1530-4bfa-b8a2-463aeb224c25,2023-11-12 20:45:00,4303711.0,2323569.2,6283852.5
ed010d2a-1530-4bfa-b8a2-463aeb224c25,2023-11-12 21:00:00,4234514.0,2252850.2,6216178.0
ed010d2a-1530-4bfa-b8a2-463aeb224c25,2023-11-12 21:15:00,4067311.8,2084126.8,6050496.5
ed010d2a-1530-4bfa-b8a2-463aeb224c25,2023-11-12 21:30:00,4176569.8,2191864.8,6161274.5
ed010d2a-1530-4bfa-b8a2-463aeb224c25,2023-11-12 21:45:00,4226846.0,2240622.0,6213069.5
ed010d2a-1530-4bfa-b8a2-463aeb224c25,2023-11-12 22:00:00,4113561.2,2125819.8,6101302.5
ed010d2a-1530-4bfa-b8a2-463aeb224c25,2023-11-12 22:15:00,4103514.2,2114256.2,6092772.5
ed010d2a-1530-4bfa-b8a2-463aeb224c25,2023-11-12 22:30:00,4125097.2,2134324.0,6115870.5
ed010d2a-1530-4bfa-b8a2-463aeb224c25,2023-11-12 22:45:00,3995299.0,2003011.5,5987586.5
ed010d2a-1530-4bfa-b8a2-463aeb224c25,2023-11-12 23:00:00,3919467.0,1925666.2,5913267.5
ed010d2a-1530-4bfa-b8a2-463aeb224c25,2023-11-12 23:15:00,4000381.5,2005068.9,5995694.0
ed010d2a-1530-4bfa-b8a2-463aeb224c25,2023-11-12 23:30:00,4003730.8,2006907.4,6000554.0
ed010d2a-1530-4bfa-b8a2-463aeb224c25,2023-11-12 23:45:00,3920465.8,1922132.8,5918798.5
ed010d2a-1530-4bfa-b8a2-463aeb224c25,2023-11-13 00:00:00,3916150.5,1916309.1,5915992.0
ed010d2a-1530-4bfa-b8a2-463aeb224c25,2023-11-13 00:15:00,4017863.8,2016514.9,6019212.5
ed010d2a-1530-4bfa-b8a2-463aeb224c25,2023-11-13 00:30:00,3973502.8,1970647.8,5976358.0
ed010d2a-1530-4bfa-b8a2-463aeb224c25,2023-11-13 00:45:00,3963396.5,1959036.4,5967756.5
ed010d2a-1530-4bfa-b8a2-463aeb224c25,2023-11-13 01:00:00,3982236.0,1976372.0,5988100.0
ed010d2a-1530-4bfa-b8a2-463aeb224c25,2023-11-13 01:15:00,3975946.8,1968579.9,5983313.5
ed010d2a-1530-4bfa-b8a2-463aeb224c25,2023-11-13 01:30:00,3999877.8,1991009.2,6008746.5
ed010d2a-1530-4bfa-b8a2-463aeb224c25,2023-11-13 01:45:00,4018863.5,2008494.2,6029232.5
ed010d2a-1530-4bfa-b8a2-463aeb224c25,2023-11-13 02:00:00,4046786.0,2034917.5,6058654.5
ed010d2a-1530-4bfa-b8a2-463aeb224c25,2023-11-13 02:15:00,4053294.8,2039927.9,6066662.0
ed010d2a-1530-4bfa-b8a2-463aeb224c25,2023-11-13 02:30:00,4063886.0,2049021.8,6078750.0
ed010d2a-1530-4bfa-b8a2-463aeb224c25,2023-11-13 02:45:00,4104642.8,2088282.5,6121003.0
ed010d2a-1530-4bfa-b8a2-463aeb224c25,2023-11-13 03:00:00,4000934.2,1983078.9,6018789.5
ed010d2a-1530-4bfa-b8a2-463aeb224c25,2023-11-13 03:15:00,3946110.5,1926761.4,5965460.0
ed010d2a-1530-4bfa-b8a2-463aeb224c25,2023-11-13 03:30:00,4007943.2,1987101.2,6028785.5
ed010d2a-1530-4bfa-b8a2-463aeb224c25,2023-11-13 03:45:00,4040250.8,2017917.0,6062584.5
ed010d2a-1530-4bfa-b8a2-463aeb224c25,2023-11-13 04:00:00,3949660.5,1925836.1,5973485.0
ed010d2a-1530-4bfa-b8a2-463aeb224c25,2023-11-13 04:15:00,4152921.0,2127607.2,6178235.0
ed010d2a-1530-4bfa-b8a2-463aeb224c25,2023-11-13 04:30:00,4208648.5,2181846.2,6235451.0
ed010d2a-1530-4bfa-b8a2-463aeb224c25,2023-11-13 04:45:00,4281076.0,2252786.5,6309365.5
ed010d2a-1530-4bfa-b8a2-463aeb224c25,2023-11-13 05:00:00,4411240.5,2381464.5,6441016.0
ed010d2a-1530-4bfa-b8a2-463aeb224c25,2023-11-13 05:15:00,4444151.0,2412890.0,6475411.5
ed010d2a-1530-4bfa-b8a2-463aeb224c25,2023-11-13 05:30:00,4577961.5,2545216.5,6610706.5
ed010d2a-1530-4bfa-b8a2-463aeb224c25,2023-11-13 05:45:00,4655623.0,2621395.0,6689851.0
ed010d2a-1530-4bfa-b8a2-463aeb224c25,2023-11-13 06:00:00,4731109.0,2695399.5,6766819.0
ed010d2a-1530-4bfa-b8a2-463aeb224c25,2023-11-13 06:15:00,5039687.5,3002497.0,7076878.5
ed010d2a-1530-4bfa-b8a2-463aeb224c25,2023-11-13 06:30:00,5114589.0,3075918.8,7153259.5
ed010d2a-1530-4bfa-b8a2-463aeb224c25,2023-11-13 06:45:00,5192988.5,3152839.5,7233137.5
ed010d2a-1530-4bfa-b8a2-463aeb224c25,2023-11-13 07:00:00,5336205.5,3294579.0,7377832.5
ed010d2a-1530-4bfa-b8a2-463aeb224c25,2023-11-13 07:15:00,5584990.0,3541886.8,7628093.0
ed010d2a-1530-4bfa-b8a2-463aeb224c25,2023-11-13 07:30:00,5736012.5,3691433.8,7780591.0
ed010d2a-1530-4bfa-b8a2-463aeb224c25,2023-11-13 07:45:00,5829007.5,3782954.5,7875060.5
ed010d2a-1530-4bfa-b8a2-463aeb224c25,2023-11-13 08:00:00,5902086.5,3854560.2,7949613.0
ed010d2a-1530-4bfa-b8a2-463aeb224c25,2023-11-13 08:15:00,5935803.0,3886804.5,7984802.0
ed010d2a-1530-4bfa-b8a2-463aeb224c25,2023-11-13 08:30:00,5898187.0,3847717.5,7948657.0
ed010d2a-1530-4bfa-b8a2-463aeb224c25,2023-11-13 08:45:00,6052749.0,4000808.8,8104689.0
ed010d2a-1530-4bfa-b8a2-463aeb224c25,2023-11-13 09:00:00,6064134.5,4010725.2,8117543.5
ed010d2a-1530-4bfa-b8a2-463aeb224c25,2023-11-13 09:15:00,6179716.5,4124839.5,8234594.0
ed010d2a-1530-4bfa-b8a2-463aeb224c25,2023-11-13 09:30:00,6124716.0,4068371.8,8181060.0
ed010d2a-1530-4bfa-b8a2-463aeb224c25,2023-11-13 09:45:00,6157162.5,4099352.5,8214972.5
ed010d2a-1530-4bfa-b8a2-463aeb224c25,2023-11-13 10:00:00,6175100.5,4115825.5,8234375.5
ed010d2a-1530-4bfa-b8a2-463aeb224c25,2023-11-13 10:15:00,6162925.0,4102186.2,8223664.0
ed010d2a-1530-4bfa-b8a2-463aeb224c25,2023-11-13 10:30:00,6222632.0,4160430.2,8284833.5
ed010d2a-1530-4bfa-b8a2-463aeb224c25,2023-11-13 10:45:00,6166523.5,4102859.8,8230187.0
ed010d2a-1530-4bfa-b8a2-463aeb224c25,2023-11-13 11:00:00,6191567.0,4126442.5,8256691.0
ed010d2a-1530-4bfa-b8a2-463aeb224c25,2023-11-13 11:15:00,6153600.5,4087016.8,8220184.5
ed010d2a-1530-4bfa-b8a2-463aeb224c25,2023-11-13 11:30:00,6187834.0,4119791.2,8255877.0
ed010d2a-1530-4bfa-b8a2-463aeb224c25,2023-11-13 11:45:00,6222896.0,4153395.2,8292396.0
ed010d2a-1530-4bfa-b8a2-463aeb224c25,2023-11-13 12:00:00,6245233.0,4174275.8,8316190.0
ed010d2a-1530-4bfa-b8a2-463aeb224c25,2023-11-13 12:15:00,6219902.5,4147490.0,8292315.5
ed010d2a-1530-4bfa-b8a2-463aeb224c25,2023-11-13 12:30:00,6273154.5,4199287.5,8347022.0
ed010d2a-1530-4bfa-b8a2-463aeb224c25,2023-11-13 12:45:00,6284444.0,4209123.5,8359765.0
ed010d2a-1530-4bfa-b8a2-463aeb224c25,2023-11-13 13:00:00,6369070.0,4292296.5,8445844.0
ed010d2a-1530-4bfa-b8a2-463aeb224c25,2023-11-13 13:15:00,6307157.5,4228932.5,8385382.5
ed010d2a-1530-4bfa-b8a2-463aeb224c25,2023-11-13 13:30:00,6292524.0,4212848.5,8372199.5
ed010d2a-1530-4bfa-b8a2-463aeb224c25,2023-11-13 13:45:00,6303851.5,4222726.5,8384977.0
ed010d2a-1530-4bfa-b8a2-463aeb224c25,2023-11-13 14:00:00,6305362.0,4222788.5,8387935.5
ed010d2a-1530-4bfa-b8a2-463aeb224c25,2023-11-13 14:15:00,6256802.5,4172781.2,8340823.5
ed010d2a-1530-4bfa-b8a2-463aeb224c25,2023-11-13 14:30:00,6304999.0,4219531.5,8390467.0
ed010d2a-1530-4bfa-b8a2-463aeb224c25,2023-11-13 14:45:00,6223689.5,4136776.5,8310602.5
ed010d2a-1530-4bfa-b8a2-463aeb224c25,2023-11-13 15:00:00,6153028.5,4064670.8,8241386.0
ed010d2a-1530-4bfa-b8a2-463aeb224c25,2023-11-13 15:15:00,6103473.5,4013672.5,8193274.5
ed010d2a-1530-4bfa-b8a2-463aeb224c25,2023-11-13 15:30:00,6206155.5,4114912.0,8297399.5
ed010d2a-1530-4bfa-b8a2-463aeb224c25,2023-11-13 15:45:00,6060397.0,3967711.8,8153082.0
ed010d2a-1530-4bfa-b8a2-463aeb224c25,2023-11-13 16:00:00,6000540.0,3906414.2,8094665.5
ed010d2a-1530-4bfa-b8a2-463aeb224c25,2023-11-13 16:15:00,5929991.0,3834425.5,8025556.0
ed010d2a-1530-4bfa-b8a2-463aeb224c25,2023-11-13 16:30:00,5937612.5,3840609.0,8034616.5
ed010d2a-1530-4bfa-b8a2-463aeb224c25,2023-11-13 16:45:00,5907955.0,3809514.0,8006396.5
ed010d2a-1530-4bfa-b8a2-463aeb224c25,2023-11-13 17:00:00,5783358.0,3683480.0,7883235.5
ed010d2a-1530-4bfa-b8a2-463aeb224c25,2023-11-13 17:15:00,5704696.0,3603382.8,7806009.5
ed010d2a-1530-4bfa-b8a2-463aeb224c25,2023-11-13 17:30:00,5574614.0,3471865.8,7677362.0
ed010d2a-1530-4bfa-b8a2-463aeb224c25,2023-11-13 17:45:00,5493082.5,3388901.0,7597264.5
ed010d2a-1530-4bfa-b8a2-463aeb224c25,2023-11-13 18:00:00,5459507.5,3353893.0,7565122.0
ed010d2a-1530-4bfa-b8a2-463aeb224c25,2023-11-13 18:15:00,5337723.0,3230677.0,7444769.0
ed010d2a-1530-4bfa-b8a2-463aeb224c25,2023-11-13 18:30:00,5391288.0,3282811.2,7499765.0
ed010d2a-1530-4bfa-b8a2-463aeb224c25,2023-11-13 18:45:00,5398115.0,3288208.5,7508021.5
ed010d2a-1530-4bfa-b8a2-463aeb224c25,2023-11-13 19:00:00,5299128.0,3187792.5,7410463.0
ed010d2a-1530-4bfa-b8a2-463aeb224c25,2023-11-13 19:15:00,5244849.5,3132086.2,7357612.5
ed010d2a-1530-4bfa-b8a2-463aeb224c25,2023-11-13 19:30:00,5257749.0,3143559.0,7371939.0
ed010d2a-1530-4bfa-b8a2-463aeb224c25,2023-11-13 19:45:00,5299190.0,3183574.0,7414805.5
ed010d2a-1530-4bfa-b8a2-463aeb224c25,2023-11-13 20:00:00,5131267.5,3014227.0,7248308.5
ed010d2a-1530-4bfa-b8a2-463aeb224c25,2023-11-13 20:15:00,5047025.0,2928560.5,7165490.0
ed010d2a-1530-4bfa-b8a2-463aeb224c25,2023-11-13 20:30:00,5036769.0,2916881.0,7156656.5
ed010d2a-1530-4bfa-b8a2-463aeb224c25,2023-11-13 20:45:00,5051494.5,2930184.5,7172804.0
ed010d2a-1530-4bfa-b8a2-463aeb224c25,2023-11-13 21:00:00,4995915.5,2873184.5,7118646.0
ed010d2a-1530-4bfa-b8a2-463aeb224c25,2023-11-13 21:15:00,4709672.5,2585521.5,6833823.5
ed010d2a-1530-4bfa-b8a2-463aeb224c25,2023-11-13 21:30:00,4722521.5,2596951.5,6848091.5
ed010d2a-1530-4bfa-b8a2-463aeb224c25,2023-11-13 21:45:00,4756608.0,2629619.8,6883596.5
ed010d2a-1530-4bfa-b8a2-463aeb224c25,2023-11-13 22:00:00,4621321.5,2492915.8,6749727.5
ed010d2a-1530-4bfa-b8a2-463aeb224c25,2023-11-13 22:15:00,4451714.0,2321892.0,6581536.0
ed010d2a-1530-4bfa-b8a2-463aeb224c25,2023-11-13 22:30:00,4462650.0,2331412.5,6593887.5
ed010d2a-1530-4bfa-b8a2-463aeb224c25,2023-11-13 22:45:00,4445695.5,2313043.8,6578347.5
ed010d2a-1530-4bfa-b8a2-463aeb224c25,2023-11-13 23:00:00,4386106.5,2252041.2,6520172.5
ed010d2a-1530-4bfa-b8a2-463aeb224c25,2023-11-13 23:15:00,4342713.5,2207235.2,6478191.5
ed010d2a-1530-4bfa-b8a2-463aeb224c25,2023-11-13 23:30:00,4437749.0,2300859.2,6574639.0
ed010d2a-1530-4bfa-b8a2-463aeb224c25,2023-11-13 23:45:00,4391223.5,2252922.8,6529524.0
ed010d2a-1530-4bfa-b8a2-463aeb224c25,2023-11-14 00:00:00,4281922.0,2142211.5,6421632.5
ed010d2a-1530-4bfa-b8a2-463aeb224c25,2023-11-14 00:15:00,4394760.5,2253641.2,6535880.0
ed010d2a-1530-4bfa-b8a2-463aeb224c25,2023-11-14 00:30:00,4407583.5,2265056.2,6550110.5
ed010d2a-1530-4bfa-b8a2-463aeb224c25,2023-11-14 00:45:00,4336378.5,2192444.2,6480313.0
ed010d2a-1530-4bfa-b8a2-463aeb224c25,2023-11-14 01:00:00,4348367.5,2203027.2,6493708.0
ed010d2a-1530-4bfa-b8a2-463aeb224c25,2023-11-14 01:15:00,4355852.5,2209107.0,6502598.0
ed010d2a-1530-4bfa-b8a2-463aeb224c25,2023-11-14 01:30:00,4406943.0,2258793.2,6555093.0
ed010d2a-1530-4bfa-b8a2-463aeb224c25,2023-11-14 01:45:00,4399927.5,2250374.5,6549481.0
ed010d2a-1530-4bfa-b8a2-463aeb224c25,2023-11-14 02:00:00,4384750.0,2233794.2,6535705.5
ed010d2a-1530-4bfa-b8a2-463aeb224c25,2023-11-14 02:15:00,4426215.0,2273857.8,6578572.0
ed010d2a-1530-4bfa-b8a2-463aeb224c25,2023-11-14 02:30:00,4417807.0,2264049.2,6571565.0
ed010d2a-1530-4bfa-b8a2-463aeb224c25,2023-11-14 02:45:00,4480002.0,2324844.5,6635159.5
ed010d2a-1530-4bfa-b8a2-463aeb224c25,2023-11-14 03:00:00,4374658.0,2218101.8,6531214.0
ed010d2a-1530-4bfa-b8a2-463aeb224c25,2023-11-14 03:15:00,4021959.8,1864005.5,6179914.0
ed010d2a-1530-4bfa-b8a2-463aeb224c25,2023-11-14 03:30:00,4017489.5,1858138.2,6176840.5
ed010d2a-1530-4bfa-b8a2-463aeb224c25,2023-11-14 03:45:00,4084663.2,1923916.1,6245410.5
ed010d2a-1530-4bfa-b8a2-463aeb224c25,2023-11-14 04:00:00,4001310.0,1839167.5,6163452.5
ed010d2a-1530-4bfa-b8a2-463aeb224c25,2023-11-14 04:15:00,4139364.5,1975827.9,6302901.0
ed010d2a-1530-4bfa-b8a2-463aeb224c25,2023-11-14 04:30:00,4156001.0,1991071.0,6320931.0
ed010d2a-1530-4bfa-b8a2-463aeb224c25,2023-11-14 04:45:00,4258285.5,2091962.9,6424608.0
ed010d2a-1530-4bfa-b8a2-463aeb224c25,2023-11-14 05:00:00,4308183.0,2140468.8,6475897.0
ed010d2a-1530-4bfa-b8a2-463aeb224c25,2023-11-14 05:15:00,4374869.5,2205764.8,6543974.5
ed010d2a-1530-4bfa-b8a2-463aeb224c25,2023-11-14 05:30:00,4492991.5,2322497.0,6663486.0
ed010d2a-1530-4bfa-b8a2-463aeb224c25,2023-11-14 05:45:00,4599570.5,2427687.0,6771454.0
ed010d2a-1530-4bfa-b8a2-463aeb224c25,2023-11-14 06:00:00,4654807.0,2481535.8,6828079.0
ed010d2a-1530-4bfa-b8a2-463aeb224c25,2023-11-14 06:15:00,4916310.0,2741651.2,7090968.5
ed010d2a-1530-4bfa-b8a2-463aeb224c25,2023-11-14 06:30:00,5008505.0,2832460.0,7184550.0
ed010d2a-1530-4bfa-b8a2-463aeb224c25,2023-11-14 06:45:00,5177056.5,2999626.2,7354487.0
ed010d2a-1530-4bfa-b8a2-463aeb224c25,2023-11-14 07:00:00,5296737.5,3117922.8,7475552.5
ed010d2a-1530-4bfa-b8a2-463aeb224c25,2023-11-14 07:15:00,5558484.5,3378286.0,7738683.0
ed010d2a-1530-4bfa-b8a2-463aeb224c25,2023-11-14 07:30:00,5655301.5,3473720.2,7836882.5
ed010d2a-1530-4bfa-b8a2-463aeb224c25,2023-11-14 07:45:00,5769378.0,3586415.0,7952341.0
ed010d2a-1530-4bfa-b8a2-463aeb224c25,2023-11-14 08:00:00,5794655.5,3610311.2,7978999.5
ed010d2a-1530-4bfa-b8a2-463aeb224c25,2023-11-14 08:15:00,5879862.0,3694137.8,8065586.0
ed010d2a-1530-4bfa-b8a2-463aeb224c25,2023-11-14 08:30:00,5833718.5,3646615.2,8020822.0
ed010d2a-1530-4bfa-b8a2-463aeb224c25,2023-11-14 08:45:00,5970551.5,3782069.8,8159033.5
ed010d2a-1530-4bfa-b8a2-463aeb224c25,2023-11-14 09:00:00,5960713.5,3770854.5,8150573.0
ed010d2a-1530-4bfa-b8a2-463aeb224c25,2023-11-14 09:15:00,6018255.5,3827019.5,8209491.0
ed010d2a-1530-4bfa-b8a2-463aeb224c25,2023-11-14 09:30:00,6081162.0,3888550.2,8273773.5
ed010d2a-1530-4bfa-b8a2-463aeb224c25,2023-11-14 09:45:00,6088934.0,3894947.5,8282921.0
ed010d2a-1530-4bfa-b8a2-463aeb224c25,2023-11-14 10:00:00,6175198.0,3979837.2,8370558.5
ed010d2a-1530-4bfa-b8a2-463aeb224c25,2023-11-14 10:15:00,6152890.0,3956156.0,8349623.5
ed010d2a-1530-4bfa-b8a2-463aeb224c25,2023-11-14 10:30:00,6159982.5,3961876.2,8358088.5
ed010d2a-1530-4bfa-b8a2-463aeb224c25,2023-11-14 10:45:00,6134471.5,3934994.0,8333949.5
ed010d2a-1530-4bfa-b8a2-463aeb224c25,2023-11-14 11:00:00,6175993.5,3975145.2,8376842.0
ed010d2a-1530-4bfa-b8a2-463aeb224c25,2023-11-14 11:15:00,6157807.5,3955589.5,8360025.5
ed010d2a-1530-4bfa-b8a2-463aeb224c25,2023-11-14 11:30:00,6144740.5,3941153.5,8348327.5
ed010d2a-1530-4bfa-b8a2-463aeb224c25,2023-11-14 11:45:00,6255130.5,4050175.5,8460086.0
ed010d2a-1530-4bfa-b8a2-463aeb224c25,2023-11-14 12:00:00,6181344.0,3975021.8,8387666.5
ed010d2a-1530-4bfa-b8a2-463aeb224c25,2023-11-14 12:15:00,6245458.0,4037769.2,8453147.0
ed010d2a-1530-4bfa-b8a2-463aeb224c25,2023-11-14 12:30:00,6168325.0,3959270.8,8377379.0
ed010d2a-1530-4bfa-b8a2-463aeb224c25,2023-11-14 12:45:00,6192490.5,3982071.5,8402909.0
ed010d2a-1530-4bfa-b8a2-463aeb224c25,2023-11-14 13:00:00,6255744.5,4043961.8,8467527.0
ed010d2a-1530-4bfa-b8a2-463aeb224c25,2023-11-14 13:15:00,6172275.5,3959130.0,8385421.5
ed010d2a-1530-4bfa-b8a2-463aeb224c25,2023-11-14 13:30:00,6180475.5,3965967.5,8394983.0
ed010d2a-1530-4bfa-b8a2-463aeb224c25,2023-11-14 13:45:00,6207201.5,3991332.5,8423071.0
ed010d2a-1530-4bfa-b8a2-463aeb224c25,2023-11-14 14:00:00,6240027.0,4022797.0,8457256.0
ed010d2a-1530-4bfa-b8a2-463aeb224c25,2023-11-14 14:15:00,6176994.0,3958404.5,8395583.0
ed010d2a-1530-4bfa-b8a2-463aeb224c25,2023-11-14 14:30:00,6111986.5,3892038.2,8331934.5
ed010d2a-1530-4bfa-b8a2-463aeb224c25,2023-11-14 14:45:00,6052625.5,3831319.2,8273931.5
ed010d2a-1530-4bfa-b8a2-463aeb224c25,2023-11-14 15:00:00,6060883.0,3838219.5,8283546.0
ed010d2a-1530-4bfa-b8a2-463aeb224c25,2023-11-14 15:15:00,5998052.0,3774032.5,8222072.0
ed010d2a-1530-4bfa-b8a2-463aeb224c25,2023-11-14 15:30:00,5996672.5,3771297.5,8222048.0
ed010d2a-1530-4bfa-b8a2-463aeb224c25,2023-11-14 15:45:00,5927529.5,3700799.5,8154259.5
ed010d2a-1530-4bfa-b8a2-463aeb224c25,2023-11-14 16:00:00,5817540.5,3589456.8,8045624.5
ed010d2a-1530-4bfa-b8a2-463aeb224c25,2023-11-14 16:15:00,5807095.5,3577658.5,8036532.0
ed010d2a-1530-4bfa-b8a2-463aeb224c25,2023-11-14 16:30:00,5755479.0,3524689.8,7986267.5
ed010d2a-1530-4bfa-b8a2-463aeb224c25,2023-11-14 16:45:00,5715905.0,3483764.5,7948045.0
ed010d2a-1530-4bfa-b8a2-463aeb224c25,2023-11-14 17:00:00,5648324.0,3414833.2,7881815.0
ed010d2a-1530-4bfa-b8a2-463aeb224c25,2023-11-14 17:15:00,5604980.0,3370139.5,7839821.0
ed010d2a-1530-4bfa-b8a2-463aeb224c25,2023-11-14 17:30:00,5507375.5,3271185.8,7743565.0
ed010d2a-1530-4bfa-b8a2-463aeb224c25,2023-11-14 17:45:00,5366401.5,3128864.0,7603939.5
ed010d2a-1530-4bfa-b8a2-463aeb224c25,2023-11-14 18:00:00,5373177.5,3134292.2,7612062.5
ed010d2a-1530-4bfa-b8a2-463aeb224c25,2023-11-14 18:15:00,5262745.5,3022513.8,7502977.0
ed010d2a-1530-4bfa-b8a2-463aeb224c25,2023-11-14 18:30:00,5285626.5,3044049.0,7527203.5
ed010d2a-1530-4bfa-b8a2-463aeb224c25,2023-11-14 18:45:00,5268093.0,3025170.5,7511015.0
ed010d2a-1530-4bfa-b8a2-463aeb224c25,2023-11-14 19:00:00,5254102.5,3009836.2,7498369.0
ed010d2a-1530-4bfa-b8a2-463aeb224c25,2023-11-14 19:15:00,5170914.5,2925304.8,7416524.0
ed010d2a-1530-4bfa-b8a2-463aeb224c25,2023-11-14 19:30:00,5270012.5,3023060.2,7516964.5
ed010d2a-1530-4bfa-b8a2-463aeb224c25,2023-11-14 19:45:00,5268093.5,3019799.5,7516387.0
ed010d2a-1530-4bfa-b8a2-463aeb224c25,2023-11-14 20:00:00,5181385.5,2931751.0,7431020.5
ed010d2a-1530-4bfa-b8a2-463aeb224c25,2023-11-14 20:15:00,5082972.0,2831997.0,7333946.5
ed010d2a-1530-4bfa-b8a2-463aeb224c25,2023-11-14 20:30:00,5123941.5,2871627.2,7376255.5
ed010d2a-1530-4bfa-b8a2-463aeb224c25,2023-11-14 20:45:00,5081310.5,2827658.0,7334963.0
ed010d2a-1530-4bfa-b8a2-463aeb224c25,2023-11-14 21:00:00,5010361.0,2755371.0,7265351.5
ed010d2a-1530-4bfa-b8a2-463aeb224c25,2023-11-14 21:15:00,4826954.5,2570627.5,7083282.0
ed010d2a-1530-4bfa-b8a2-463aeb224c25,2023-11-14 21:30:00,4826235.0,2568572.0,7083898.5
ed010d2a-1530-4bfa-b8a2-463aeb224c25,2023-11-14 21:45:00,4852491.0,2593492.2,7111489.5
ed010d2a-1530-4bfa-b8a2-463aeb224c25,2023-11-14 22:00:00,4703399.0,2443065.8,6963732.0
ed010d2a-1530-4bfa-b8a2-463aeb224c25,2023-11-14 22:15:00,4483351.0,2221684.0,6745017.5
ed010d2a-1530-4bfa-b8a2-463aeb224c25,2023-11-14 22:30:00,4525504.5,2262505.0,6788504.5
ed010d2a-1530-4bfa-b8a2-463aeb224c25,2023-11-14 22:45:00,4436530.0,2172197.8,6700862.0
ed010d2a-1530-4bfa-b8a2-463aeb224c25,2023-11-14 23:00:00,4341791.5,2076128.2,6607455.0
ed010d2a-1530-4bfa-b8a2-463aeb224c25,2023-11-14 23:15:00,4254712.0,1987718.1,6521706.0
ed010d2a-1530-4bfa-b8a2-463aeb224c25,2023-11-14 23:30:00,4389116.5,2120792.5,6657440.0
ed010d2a-1530-4bfa-b8a2-463aeb224c25,2023-11-14 23:45:00,4265574.5,1995921.6,6535227.5
ed010d2a-1530-4bfa-b8a2-463aeb224c25,2023-11-15 00:00:00,4255749.0,1984767.8,6526730.0
ed010d2a-1530-4bfa-b8a2-463aeb224c25,2023-11-15 00:15:00,4266824.0,1994515.2,6539132.5
ed010d2a-1530-4bfa-b8a2-463aeb224c25,2023-11-15 00:30:00,4394860.0,2121224.8,6668495.5
ed010d2a-1530-4bfa-b8a2-463aeb224c25,2023-11-15 00:45:00,4309671.0,2034709.5,6584632.0
ed010d2a-1530-4bfa-b8a2-463aeb224c25,2023-11-15 01:00:00,4313171.0,2036884.2,6589457.0
ed010d2a-1530-4bfa-b8a2-463aeb224c25,2023-11-15 01:15:00,4266201.0,1988590.0,6543811.5
ed010d2a-1530-4bfa-b8a2-463aeb224c25,2023-11-15 01:30:00,4374824.5,2095889.9,6653759.0
ed010d2a-1530-4bfa-b8a2-463aeb224c25,2023-11-15 01:45:00,4332201.5,2051944.1,6612459.0
ed010d2a-1530-4bfa-b8a2-463aeb224c25,2023-11-15 02:00:00,4353303.0,2071723.6,6634882.5
ed010d2a-1530-4bfa-b8a2-463aeb224c25,2023-11-15 02:15:00,4386217.0,2103316.2,6669118.0
ed010d2a-1530-4bfa-b8a2-463aeb224c25,2023-11-15 02:30:00,4449252.0,2165030.8,6733473.5
ed010d2a-1530-4bfa-b8a2-463aeb224c25,2023-11-15 02:45:00,4424389.0,2138848.0,6709930.5
ed010d2a-1530-4bfa-b8a2-463aeb224c25,2023-11-15 03:00:00,4360156.5,2073296.2,6647016.5
ed010d2a-1530-4bfa-b8a2-463aeb224c25,2023-11-15 03:15:00,4045318.2,1757139.6,6333496.5
ed010d2a-1530-4bfa-b8a2-463aeb224c25,2023-11-15 03:30:00,4062152.0,1772655.9,6351648.0
ed010d2a-1530-4bfa-b8a2-463aeb224c25,2023-11-15 03:45:00,3999535.5,1708722.6,6290348.0
ed010d2a-1530-4bfa-b8a2-463aeb224c25,2023-11-15 04:00:00,4008474.8,1716346.0,6300603.5
ed010d2a-1530-4bfa-b8a2-463aeb224c25,2023-11-15 04:15:00,4147191.8,1853747.8,6440636.0
ed010d2a-1530-4bfa-b8a2-463aeb224c25,2023-11-15 04:30:00,4260075.0,1965316.4,6554833.5
ed010d2a-1530-4bfa-b8a2-463aeb224c25,2023-11-15 04:45:00,4255247.5,1959175.5,6551320.0
ed010d2a-1530-4bfa-b8a2-463aeb224c25,2023-11-15 05:00:00,4336889.5,2039504.1,6634274.5
ed010d2a-1530-4bfa-b8a2-463aeb224c25,2023-11-15 05:15:00,4420123.0,2121425.2,6718820.5
ed010d2a-1530-4bfa-b8a2-463aeb224c25,2023-11-15 05:30:00,4667977.5,2367968.5,6967986.5
ed010d2a-1530-4bfa-b8a2-463aeb224c25,2023-11-15 05:45:00,4608327.0,2307007.0,6909646.5
ed010d2a-1530-4bfa-b8a2-463aeb224c25,2023-11-15 06:00:00,4685080.5,2382450.5,6987710.0
ed010d2a-1530-4bfa-b8a2-463aeb224c25,2023-11-15 06:15:00,5021418.5,2717479.2,7325357.5
ed010d2a-1530-4bfa-b8a2-463aeb224c25,2023-11-15 06:30:00,5096381.0,2791133.2,7401628.5
ed010d2a-1530-4bfa-b8a2-463aeb224c25,2023-11-15 06:45:00,5227410.5,2920855.0,7533965.5
ed010d2a-1530-4bfa-b8a2-463aeb224c25,2023-11-15 07:00:00,5307246.0,2999383.8,7615108.5
ed010d2a-1530-4bfa-b8a2-463aeb224c25,2023-11-15 07:15:00,5516712.0,3207543.0,7825880.5
ed010d2a-1530-4bfa-b8a2-463aeb224c25,2023-11-15 07:30:00,5663326.5,3352852.5,7973801.0
ed010d2a-1530-4bfa-b8a2-463aeb224c25,2023-11-15 07:45:00,5729754.5,3417975.2,8041533.5
ed010d2a-1530-4bfa-b8a2-463aeb224c25,2023-11-15 08:00:00,5740820.5,3427737.5,8053903.5
ed010d2a-1530-4bfa-b8a2-463aeb224c25,2023-11-15 08:15:00,5795968.5,3481582.2,8110355.0
ed010d2a-1530-4bfa-b8a2-463aeb224c25,2023-11-15 08:30:00,5824017.0,3508327.8,8139706.0
ed010d2a-1530-4bfa-b8a2-463aeb224c25,2023-11-15 08:45:00,5775428.0,3458437.0,8092419.0
ed010d2a-1530-4bfa-b8a2-463aeb224c25,2023-11-15 09:00:00,5885838.0,3567546.0,8204130.5
ed010d2a-1530-4bfa-b8a2-463aeb224c25,2023-11-15 09:15:00,5978609.0,3659016.8,8298202.0
ed010d2a-1530-4bfa-b8a2-463aeb224c25,2023-11-15 09:30:00,6024507.0,3703614.8,8345399.0
ed010d2a-1530-4bfa-b8a2-463aeb224c25,2023-11-15 09:45:00,6024121.0,3701930.0,8346312.5
ed010d2a-1530-4bfa-b8a2-463aeb224c25,2023-11-15 10:00:00,6081260.0,3757770.5,8404749.0
ed010d2a-1530-4bfa-b8a2-463aeb224c25,2023-11-15 10:15:00,6034246.5,3709459.5,8359033.5
ed010d2a-1530-4bfa-b8a2-463aeb224c25,2023-11-15 10:30:00,6045675.5,3719591.8,8371759.5
ed010d2a-1530-4bfa-b8a2-463aeb224c25,2023-11-15 10:45:00,6024490.5,3697110.8,8351870.5
ed010d2a-1530-4bfa-b8a2-463aeb224c25,2023-11-15 11:00:00,6043099.5,3714424.5,8371774.5
ed010d2a-1530-4bfa-b8a2-463aeb224c25,2023-11-15 11:15:00,6086016.0,3756046.5,8415986.0
ed010d2a-1530-4bfa-b8a2-463aeb224c25,2023-11-15 11:30:00,6158743.5,3827479.8,8490007.0
ed010d2a-1530-4bfa-b8a2-463aeb224c25,2023-11-15 11:45:00,6126428.5,3793871.5,8458985.0
ed010d2a-1530-4bfa-b8a2-463aeb224c25,2023-11-15 12:00:00,6108830.0,3774980.8,8442679.0
ed010d2a-1530-4bfa-b8a2-463aeb224c25,2023-11-15 12:15:00,6092865.0,3757724.0,8428006.0
ed010d2a-1530-4bfa-b8a2-463aeb224c25,2023-11-15 12:30:00,6099107.0,3762675.0,8435539.0
ed010d2a-1530-4bfa-b8a2-463aeb224c25,2023-11-15 12:45:00,6072670.0,3734947.5,8410392.0
ed010d2a-1530-4bfa-b8a2-463aeb224c25,2023-11-15 13:00:00,6169026.5,3830014.8,8508039.0
ed010d2a-1530-4bfa-b8a2-463aeb224c25,2023-11-15 13:15:00,6141145.0,3800843.8,8481446.0
ed010d2a-1530-4bfa-b8a2-463aeb224c25,2023-11-15 13:30:00,6095128.5,3753539.5,8436718.0
ed010d2a-1530-4bfa-b8a2-463aeb224c25,2023-11-15 13:45:00,6112008.0,3769131.2,8454884.0
ed010d2a-1530-4bfa-b8a2-463aeb224c25,2023-11-15 14:00:00,6137936.0,3793772.5,8482099.0
ed010d2a-1530-4bfa-b8a2-463aeb224c25,2023-11-15 14:15:00,6124177.0,3778727.5,8469627.0
ed010d2a-1530-4bfa-b8a2-463aeb224c25,2023-11-15 14:30:00,6100403.0,3753668.0,8447138.0
ed010d2a-1530-4bfa-b8a2-463aeb224c25,2023-11-15 14:45:00,6089014.5,3740994.8,8437034.0
ed010d2a-1530-4bfa-b8a2-463aeb224c25,2023-11-15 15:00:00,6043995.0,3694691.2,8393298.0
ed010d2a-1530-4bfa-b8a2-463aeb224c25,2023-11-15 15:15:00,5931745.0,3581158.2,8282332.0
ed010d2a-1530-4bfa-b8a2-463aeb224c25,2023-11-15 15:30:00,6018256.5,3666387.2,8370126.0
ed010d2a-1530-4bfa-b8a2-463aeb224c25,2023-11-15 15:45:00,5898862.5,3545711.5,8252014.0
ed010d2a-1530-4bfa-b8a2-463aeb224c25,2023-11-15 16:00:00,5750805.0,3396372.8,8105237.5
ed010d2a-1530-4bfa-b8a2-463aeb224c25,2023-11-15 16:15:00,5797791.0,3442078.2,8153504.0
ed010d2a-1530-4bfa-b8a2-463aeb224c25,2023-11-15 16:30:00,5679999.5,3323006.8,8036992.0
ed010d2a-1530-4bfa-b8a2-463aeb224c25,2023-11-15 16:45:00,5648301.5,3290029.8,8006573.0
ed010d2a-1530-4bfa-b8a2-463aeb224c25,2023-11-15 17:00:00,5526191.0,3166641.2,7885741.5
ed010d2a-1530-4bfa-b8a2-463aeb224c25,2023-11-15 17:15:00,5426939.0,3066111.2,7787766.5
ed010d2a-1530-4bfa-b8a2-463aeb224c25,2023-11-15 17:30:00,5302694.5,2940590.0,7664799.5
ed010d2a-1530-4bfa-b8a2-463aeb224c25,2023-11-15 17:45:00,5247150.5,2883769.5,7610531.5
ed010d2a-1530-4bfa-b8a2-463aeb224c25,2023-11-15 18:00:00,5152398.0,2787741.0,7517054.5
ed010d2a-1530-4bfa-b8a2-463aeb224c25,2023-11-15 18:15:00,5004508.0,2638576.5,7370439.5
ed010d2a-1530-4bfa-b8a2-463aeb224c25,2023-11-15 18:30:00,5070564.0,2703358.2,7437770.0
ed010d2a-1530-4bfa-b8a2-463aeb224c25,2023-11-15 18:45:00,5056836.5,2688357.0,7425316.0
ed010d2a-1530-4bfa-b8a2-463aeb224c25,2023-11-15 19:00:00,5034322.0,2664569.5,7404074.0
ed010d2a-1530-4bfa-b8a2-463aeb224c25,2023-11-15 19:15:00,5021327.0,2650302.2,7392351.5
ed010d2a-1530-4bfa-b8a2-463aeb224c25,2023-11-15 19:30:00,5060765.5,2688469.8,7433062.0
ed010d2a-1530-4bfa-b8a2-463aeb224c25,2023-11-15 19:45:00,4961346.0,2587779.0,7334913.0
ed010d2a-1530-4bfa-b8a2-463aeb224c25,2023-11-15 20:00:00,4879147.0,2504310.2,7253984.5
ed010d2a-1530-4bfa-b8a2-463aeb224c25,2023-11-15 20:15:00,4903382.5,2527275.8,7279489.0
ed010d2a-1530-4bfa-b8a2-463aeb224c25,2023-11-15 20:30:00,4909925.0,2532549.8,7287300.0
ed010d2a-1530-4bfa-b8a2-463aeb224c25,2023-11-15 20:45:00,4970900.0,2592256.5,7349543.5
ed010d2a-1530-4bfa-b8a2-463aeb224c25,2023-11-15 21:00:00,4863124.0,2483213.0,7243034.5
ed010d2a-1530-4bfa-b8a2-463aeb224c25,2023-11-15 21:15:00,4683568.0,2302390.5,7064745.5
ed010d2a-1530-4bfa-b8a2-463aeb224c25,2023-11-15 21:30:00,4698022.5,2315578.8,7080466.0
ed010d2a-1530-4bfa-b8a2-463aeb224c25,2023-11-15 21:45:00,4643142.5,2259433.2,7026851.5
ed010d2a-1530-4bfa-b8a2-463aeb224c25,2023-11-15 22:00:00,4548444.0,2163470.2,6933418.0
ed010d2a-1530-4bfa-b8a2-463aeb224c25,2023-11-15 22:15:00,4437687.0,2051449.1,6823925.0
ed010d2a-1530-4bfa-b8a2-463aeb224c25,2023-11-15 22:30:00,4383068.5,1995567.0,6770570.0
ed010d2a-1530-4bfa-b8a2-463aeb224c25,2023-11-15 22:45:00,4277371.0,1888606.9,6666135.0
ed010d2a-1530-4bfa-b8a2-463aeb224c25,2023-11-15 23:00:00,4284001.0,1893975.0,6674027.5
