unique_id,ds,LinearRegression,LinearRegression-lo-99,LinearRegression-hi-99
ed010d2a-1530-4bfa-b8a2-463aeb224c25,2023-11-15 23:15:00,3922056.7903033737,3628901.768433338,4215211.812173409
ed010d2a-1530-4bfa-b8a2-463aeb224c25,2023-11-15 23:30:00,3889187.233931119,3464521.966418842,4313852.501443396
ed010d2a-1530-4bfa-b8a2-463aeb224c25,2023-11-15 23:45:00,3693486.0029605394,3259309.7468525134,4127662.2590685654
ed010d2a-1530-4bfa-b8a2-463aeb224c25,2023-11-16 00:00:00,3752719.7275304394,3363645.8259066837,4141793.629154195
ed010d2a-1530-4bfa-b8a2-463aeb224c25,2023-11-16 00:15:00,3800698.81063658,3376374.354884182,4225023.266388978
ed010d2a-1530-4bfa-b8a2-463aeb224c25,2023-11-16 00:30:00,3784540.3041877067,3301850.8949907823,4267229.713384631
ed010d2a-1530-4bfa-b8a2-463aeb224c25,2023-11-16 00:45:00,3873453.7967240303,3332736.5911889053,4414171.002259155
ed010d2a-1530-4bfa-b8a2-463aeb224c25,2023-11-16 01:00:00,3752827.3584117414,3287199.481160808,4218455.2356626745
ed010d2a-1530-4bfa-b8a2-463aeb224c25,2023-11-16 01:15:00,3827764.227935385,3124688.3765911106,4530840.079279659
ed010d2a-1530-4bfa-b8a2-463aeb224c25,2023-11-16 01:30:00,3889783.4099795637,3376398.300851811,4403168.519107316
ed010d2a-1530-4bfa-b8a2-463aeb224c25,2023-11-16 01:45:00,3753676.3895485043,3124354.166307289,4382998.612789719
ed010d2a-1530-4bfa-b8a2-463aeb224c25,2023-11-16 02:00:00,3767601.97245538,3243702.8573983745,4291501.087512386
ed010d2a-1530-4bfa-b8a2-463aeb224c25,2023-11-16 02:15:00,3875614.3003096688,3309652.9539797828,4441575.646639555
ed010d2a-1530-4bfa-b8a2-463aeb224c25,2023-11-16 02:30:00,3782761.5333721484,3277948.42684561,4287574.639898687
ed010d2a-1530-4bfa-b8a2-463aeb224c25,2023-11-16 02:45:00,3768698.7224318446,3264114.4363768003,4273283.008486889
ed010d2a-1530-4bfa-b8a2-463aeb224c25,2023-11-16 03:00:00,3770398.3814608403,3272002.1477591572,4268794.615162523
ed010d2a-1530-4bfa-b8a2-463aeb224c25,2023-11-16 03:15:00,3739012.9459624873,3180968.812566969,4297057.079358006
ed010d2a-1530-4bfa-b8a2-463aeb224c25,2023-11-16 03:30:00,3831843.338167189,3335392.3364762547,4328294.339858123
ed010d2a-1530-4bfa-b8a2-463aeb224c25,2023-11-16 03:45:00,3754872.8426358327,3229133.5214399127,4280612.163831753
ed010d2a-1530-4bfa-b8a2-463aeb224c25,2023-11-16 04:00:00,3769763.9882770665,3188675.180293485,4350852.796260648
ed010d2a-1530-4bfa-b8a2-463aeb224c25,2023-11-16 04:15:00,3973370.3487935993,3519772.4473810294,4426968.25020617
ed010d2a-1530-4bfa-b8a2-463aeb224c25,2023-11-16 04:30:00,3916120.557733303,3504974.464004362,4327266.651462244
ed010d2a-1530-4bfa-b8a2-463aeb224c25,2023-11-16 04:45:00,4179881.9204855724,3690760.8421143093,4669002.998856835
ed010d2a-1530-4bfa-b8a2-463aeb224c25,2023-11-16 05:00:00,4030570.1634734683,3578881.8453746145,4482258.481572322
ed010d2a-1530-4bfa-b8a2-463aeb224c25,2023-11-16 05:15:00,4051028.7536089052,3590496.478765485,4511561.028452326
ed010d2a-1530-4bfa-b8a2-463aeb224c25,2023-11-16 05:30:00,4235758.708691621,3707302.8389999103,4764214.578383331
ed010d2a-1530-4bfa-b8a2-463aeb224c25,2023-11-16 05:45:00,4337306.680917258,3904725.5741231963,4769887.78771132
ed010d2a-1530-4bfa-b8a2-463aeb224c25,2023-11-16 06:00:00,4555831.679722005,4079287.2109339912,5032376.148510017
ed010d2a-1530-4bfa-b8a2-463aeb224c25,2023-11-16 06:15:00,4988451.706504929,4440101.6624269,5536801.750582958
ed010d2a-1530-4bfa-b8a2-463aeb224c25,2023-11-16 06:30:00,5180016.692266797,4764537.04138557,5595496.343148024
ed010d2a-1530-4bfa-b8a2-463aeb224c25,2023-11-16 06:45:00,5280436.0787062105,4880614.344855,5680257.812557421
ed010d2a-1530-4bfa-b8a2-463aeb224c25,2023-11-16 07:00:00,5588079.503162603,4961474.030411947,6214684.975913259
ed010d2a-1530-4bfa-b8a2-463aeb224c25,2023-11-16 07:15:00,5741201.246760507,4980812.225834018,6501590.267686997
ed010d2a-1530-4bfa-b8a2-463aeb224c25,2023-11-16 07:30:00,6014751.319821804,5311482.424550202,6718020.215093406
ed010d2a-1530-4bfa-b8a2-463aeb224c25,2023-11-16 07:45:00,6436127.019938904,5673838.725423933,7198415.314453875
ed010d2a-1530-4bfa-b8a2-463aeb224c25,2023-11-16 08:00:00,6609936.480425527,5858011.786864216,7361861.173986838
ed010d2a-1530-4bfa-b8a2-463aeb224c25,2023-11-16 08:15:00,6728007.933445061,5901746.582597251,7554269.28429287
ed010d2a-1530-4bfa-b8a2-463aeb224c25,2023-11-16 08:30:00,7033091.169883994,6348134.374049226,7718047.965718763
ed010d2a-1530-4bfa-b8a2-463aeb224c25,2023-11-16 08:45:00,7014172.002982205,6362697.841740316,7665646.164224094
ed010d2a-1530-4bfa-b8a2-463aeb224c25,2023-11-16 09:00:00,7076647.447808723,6382203.550585763,7771091.345031683
ed010d2a-1530-4bfa-b8a2-463aeb224c25,2023-11-16 09:15:00,7032104.616743702,6358680.677557161,7705528.555930245
ed010d2a-1530-4bfa-b8a2-463aeb224c25,2023-11-16 09:30:00,7109785.866447642,6464312.694369267,7755259.038526018
ed010d2a-1530-4bfa-b8a2-463aeb224c25,2023-11-16 09:45:00,7097113.662302406,6499080.320859304,7695147.003745507
ed010d2a-1530-4bfa-b8a2-463aeb224c25,2023-11-16 10:00:00,7073079.869008611,6514675.250720894,7631484.487296328
ed010d2a-1530-4bfa-b8a2-463aeb224c25,2023-11-16 10:15:00,7147193.482498346,6510346.96486688,7784040.0001298115
ed010d2a-1530-4bfa-b8a2-463aeb224c25,2023-11-16 10:30:00,7078057.874328131,6524118.744973711,7631997.003682551
ed010d2a-1530-4bfa-b8a2-463aeb224c25,2023-11-16 10:45:00,6960340.404639037,6469072.628808362,7451608.180469712
ed010d2a-1530-4bfa-b8a2-463aeb224c25,2023-11-16 11:00:00,6933186.1497357255,6348385.541805264,7517986.757666187
ed010d2a-1530-4bfa-b8a2-463aeb224c25,2023-11-16 11:15:00,6978459.2092406135,6491304.701405949,7465613.717075278
ed010d2a-1530-4bfa-b8a2-463aeb224c25,2023-11-16 11:30:00,6782411.8350071,6298829.296305609,7265994.373708592
ed010d2a-1530-4bfa-b8a2-463aeb224c25,2023-11-16 11:45:00,6906641.269954042,6399322.060437983,7413960.4794701
ed010d2a-1530-4bfa-b8a2-463aeb224c25,2023-11-16 12:00:00,6860166.363120762,6455713.58677932,7264619.139462204
ed010d2a-1530-4bfa-b8a2-463aeb224c25,2023-11-16 12:15:00,6765789.586243666,6219731.500563564,7311847.671923768
ed010d2a-1530-4bfa-b8a2-463aeb224c25,2023-11-16 12:30:00,6915090.472284208,6505497.271852681,7324683.672715735
ed010d2a-1530-4bfa-b8a2-463aeb224c25,2023-11-16 12:45:00,6987506.5489753615,6447090.651963972,7527922.4459867515
ed010d2a-1530-4bfa-b8a2-463aeb224c25,2023-11-16 13:00:00,6964890.441146995,6427966.607198879,7501814.275095111
ed010d2a-1530-4bfa-b8a2-463aeb224c25,2023-11-16 13:15:00,6814829.68078368,6230791.69029337,7398867.67127399
ed010d2a-1530-4bfa-b8a2-463aeb224c25,2023-11-16 13:30:00,6908046.087885439,6053771.356750881,7762320.8190199975
ed010d2a-1530-4bfa-b8a2-463aeb224c25,2023-11-16 13:45:00,6923585.680158682,5886554.731640345,7960616.628677019
ed010d2a-1530-4bfa-b8a2-463aeb224c25,2023-11-16 14:00:00,6954488.794322432,5932715.8634095825,7976261.7252352815
ed010d2a-1530-4bfa-b8a2-463aeb224c25,2023-11-16 14:15:00,6738586.866298239,6176138.029500222,7301035.703096256
ed010d2a-1530-4bfa-b8a2-463aeb224c25,2023-11-16 14:30:00,6793949.830959588,6316060.331563315,7271839.330355861
ed010d2a-1530-4bfa-b8a2-463aeb224c25,2023-11-16 14:45:00,6652056.387922678,6182784.882519254,7121327.893326102
ed010d2a-1530-4bfa-b8a2-463aeb224c25,2023-11-16 15:00:00,6759301.320395791,6204125.43990587,7314477.200885712
ed010d2a-1530-4bfa-b8a2-463aeb224c25,2023-11-16 15:15:00,6813592.674167918,6353230.453140619,7273954.895195217
ed010d2a-1530-4bfa-b8a2-463aeb224c25,2023-11-16 15:30:00,6508644.372848623,6129782.246340784,6887506.499356463
ed010d2a-1530-4bfa-b8a2-463aeb224c25,2023-11-16 15:45:00,6650353.0535460515,6224681.738360432,7076024.368731671
ed010d2a-1530-4bfa-b8a2-463aeb224c25,2023-11-16 16:00:00,6612673.459768255,6167567.790782016,7057779.128754495
ed010d2a-1530-4bfa-b8a2-463aeb224c25,2023-11-16 16:15:00,6548906.742275226,5940652.572858268,7157160.911692183
ed010d2a-1530-4bfa-b8a2-463aeb224c25,2023-11-16 16:30:00,6266309.919160695,5765270.155240105,6767349.683081284
ed010d2a-1530-4bfa-b8a2-463aeb224c25,2023-11-16 16:45:00,6219463.4797902005,5701480.011934108,6737446.947646293
ed010d2a-1530-4bfa-b8a2-463aeb224c25,2023-11-16 17:00:00,6117887.093483132,5529461.0536642345,6706313.13330203
ed010d2a-1530-4bfa-b8a2-463aeb224c25,2023-11-16 17:15:00,6114640.716480739,5523122.335041521,6706159.097919958
ed010d2a-1530-4bfa-b8a2-463aeb224c25,2023-11-16 17:30:00,6160591.335848736,5780638.446052694,6540544.2256447775
ed010d2a-1530-4bfa-b8a2-463aeb224c25,2023-11-16 17:45:00,6065252.861585562,5642705.463259984,6487800.25991114
ed010d2a-1530-4bfa-b8a2-463aeb224c25,2023-11-16 18:00:00,5981231.61043037,5497982.966193899,6464480.254666842
ed010d2a-1530-4bfa-b8a2-463aeb224c25,2023-11-16 18:15:00,5903732.929353798,5366753.935813925,6440711.92289367
ed010d2a-1530-4bfa-b8a2-463aeb224c25,2023-11-16 18:30:00,5903808.986546597,5509137.654287233,6298480.318805962
ed010d2a-1530-4bfa-b8a2-463aeb224c25,2023-11-16 18:45:00,5746085.876240787,5383480.537208862,6108691.2152727125
ed010d2a-1530-4bfa-b8a2-463aeb224c25,2023-11-16 19:00:00,5869115.585847762,5407816.839938874,6330414.3317566505
ed010d2a-1530-4bfa-b8a2-463aeb224c25,2023-11-16 19:15:00,5712197.881463112,5283567.743384744,6140828.019541481
ed010d2a-1530-4bfa-b8a2-463aeb224c25,2023-11-16 19:30:00,5709965.008640448,5305162.652795003,6114767.3644858925
ed010d2a-1530-4bfa-b8a2-463aeb224c25,2023-11-16 19:45:00,5678488.151963965,5248645.941583184,6108330.3623447465
ed010d2a-1530-4bfa-b8a2-463aeb224c25,2023-11-16 20:00:00,5614765.190112102,5286488.442542303,5943041.9376819
ed010d2a-1530-4bfa-b8a2-463aeb224c25,2023-11-16 20:15:00,5531007.492746669,5284615.584971848,5777399.40052149
ed010d2a-1530-4bfa-b8a2-463aeb224c25,2023-11-16 20:30:00,5407727.152302507,5151839.527905453,5663614.776699562
ed010d2a-1530-4bfa-b8a2-463aeb224c25,2023-11-16 20:45:00,5436730.0518719535,5218202.745036918,5655257.358706989
ed010d2a-1530-4bfa-b8a2-463aeb224c25,2023-11-16 21:00:00,5265085.586687135,4909192.305161003,5620978.868213266
ed010d2a-1530-4bfa-b8a2-463aeb224c25,2023-11-16 21:15:00,4948746.08070078,4599853.90038283,5297638.261018731
ed010d2a-1530-4bfa-b8a2-463aeb224c25,2023-11-16 21:30:00,4883448.575359073,4505443.773237577,5261453.377480568
ed010d2a-1530-4bfa-b8a2-463aeb224c25,2023-11-16 21:45:00,4785603.4467448285,4488197.998642362,5083008.894847295
ed010d2a-1530-4bfa-b8a2-463aeb224c25,2023-11-16 22:00:00,4739721.352366366,4445052.5800612075,5034390.124671525
ed010d2a-1530-4bfa-b8a2-463aeb224c25,2023-11-16 22:15:00,4632189.376880341,4376233.058018515,4888145.6957421675
ed010d2a-1530-4bfa-b8a2-463aeb224c25,2023-11-16 22:30:00,4490304.017778452,4064654.529337339,4915953.506219564
ed010d2a-1530-4bfa-b8a2-463aeb224c25,2023-11-16 22:45:00,4471475.772011548,4327897.022200686,4615054.521822411
ed010d2a-1530-4bfa-b8a2-463aeb224c25,2023-11-16 23:00:00,4226655.5654933285,4054141.424564569,4399169.706422089
ed010d2a-1530-4bfa-b8a2-463aeb224c25,2023-11-16 23:15:00,3989151.1911444454,3557875.889163047,4420426.493125843
ed010d2a-1530-4bfa-b8a2-463aeb224c25,2023-11-16 23:30:00,3970774.4406848825,3390369.0259250854,4551179.85544468
ed010d2a-1530-4bfa-b8a2-463aeb224c25,2023-11-16 23:45:00,3807509.8260983196,3174000.5463778805,4441019.105818758
ed010d2a-1530-4bfa-b8a2-463aeb224c25,2023-11-17 00:00:00,3803989.660272616,3213677.9009279665,4394301.419617265
ed010d2a-1530-4bfa-b8a2-463aeb224c25,2023-11-17 00:15:00,3822487.764595945,3060001.8951670364,4584973.634024853
ed010d2a-1530-4bfa-b8a2-463aeb224c25,2023-11-17 00:30:00,3836225.5938014253,2887649.406893738,4784801.780709113
ed010d2a-1530-4bfa-b8a2-463aeb224c25,2023-11-17 00:45:00,3909685.6608227636,3213402.671386541,4605968.650258987
ed010d2a-1530-4bfa-b8a2-463aeb224c25,2023-11-17 01:00:00,3850437.845047956,3211039.6800332917,4489836.01006262
ed010d2a-1530-4bfa-b8a2-463aeb224c25,2023-11-17 01:15:00,3833077.264019746,3129112.4984859247,4537042.029553566
ed010d2a-1530-4bfa-b8a2-463aeb224c25,2023-11-17 01:30:00,3894558.2011764552,3454253.9378689555,4334862.464483955
ed010d2a-1530-4bfa-b8a2-463aeb224c25,2023-11-17 01:45:00,3806360.813083396,3459847.2798685455,4152874.346298246
ed010d2a-1530-4bfa-b8a2-463aeb224c25,2023-11-17 02:00:00,3865271.866693034,3500549.9581974517,4229993.775188616
ed010d2a-1530-4bfa-b8a2-463aeb224c25,2023-11-17 02:15:00,3880276.570993764,3387328.628197697,4373224.513789831
ed010d2a-1530-4bfa-b8a2-463aeb224c25,2023-11-17 02:30:00,3847476.67656704,3517881.3041013554,4177072.0490327245
ed010d2a-1530-4bfa-b8a2-463aeb224c25,2023-11-17 02:45:00,3833315.119800272,3543179.558015344,4123450.6815851997
ed010d2a-1530-4bfa-b8a2-463aeb224c25,2023-11-17 03:00:00,3834449.848191539,3671303.1973498515,3997596.499033226
ed010d2a-1530-4bfa-b8a2-463aeb224c25,2023-11-17 03:15:00,3819097.2911984483,3498860.840864498,4139333.7415323984
ed010d2a-1530-4bfa-b8a2-463aeb224c25,2023-11-17 03:30:00,3866034.4761604406,3504252.141370626,4227816.810950255
ed010d2a-1530-4bfa-b8a2-463aeb224c25,2023-11-17 03:45:00,3819929.4304328966,3506354.4956644033,4133504.36520139
ed010d2a-1530-4bfa-b8a2-463aeb224c25,2023-11-17 04:00:00,3835020.3324905788,3519048.5596985575,4150992.1052826
ed010d2a-1530-4bfa-b8a2-463aeb224c25,2023-11-17 04:15:00,4052469.1106021404,3615706.50737894,4489231.713825341
ed010d2a-1530-4bfa-b8a2-463aeb224c25,2023-11-17 04:30:00,4043683.317964141,3733054.656671649,4354311.979256633
ed010d2a-1530-4bfa-b8a2-463aeb224c25,2023-11-17 04:45:00,4258478.7549338285,3861838.3474296266,4655119.16243803
ed010d2a-1530-4bfa-b8a2-463aeb224c25,2023-11-17 05:00:00,4159001.639588238,3729985.432572698,4588017.846603778
ed010d2a-1530-4bfa-b8a2-463aeb224c25,2023-11-17 05:15:00,4317615.8585459,3742412.302606741,4892819.41448506
ed010d2a-1530-4bfa-b8a2-463aeb224c25,2023-11-17 05:30:00,4362476.787984979,3820387.530095024,4904566.045874935
ed010d2a-1530-4bfa-b8a2-463aeb224c25,2023-11-17 05:45:00,4602511.999008554,4130365.864859185,5074658.133157923
ed010d2a-1530-4bfa-b8a2-463aeb224c25,2023-11-17 06:00:00,4698961.75766618,4170306.9302422768,5227616.585090084
ed010d2a-1530-4bfa-b8a2-463aeb224c25,2023-11-17 06:15:00,5086524.946353014,4560543.300186497,5612506.59251953
ed010d2a-1530-4bfa-b8a2-463aeb224c25,2023-11-17 06:30:00,5188719.04049782,4850185.391534744,5527252.689460896
ed010d2a-1530-4bfa-b8a2-463aeb224c25,2023-11-17 06:45:00,5380703.959478124,5004942.687551645,5756465.231404603
ed010d2a-1530-4bfa-b8a2-463aeb224c25,2023-11-17 07:00:00,5518088.559123283,4956597.420632246,6079579.697614321
ed010d2a-1530-4bfa-b8a2-463aeb224c25,2023-11-17 07:15:00,5745634.5284986915,5167963.40491585,6323305.652081533
ed010d2a-1530-4bfa-b8a2-463aeb224c25,2023-11-17 07:30:00,6088707.106564972,5466444.040698097,6710970.172431846
ed010d2a-1530-4bfa-b8a2-463aeb224c25,2023-11-17 07:45:00,6392351.004655247,5878397.815157988,6906304.194152505
ed010d2a-1530-4bfa-b8a2-463aeb224c25,2023-11-17 08:00:00,6592558.362546075,6053321.35913985,7131795.3659523
ed010d2a-1530-4bfa-b8a2-463aeb224c25,2023-11-17 08:15:00,6727977.28236641,6125847.8349365555,7330106.729796264
ed010d2a-1530-4bfa-b8a2-463aeb224c25,2023-11-17 08:30:00,6920561.066687007,6457848.282875225,7383273.85049879
ed010d2a-1530-4bfa-b8a2-463aeb224c25,2023-11-17 08:45:00,7093001.757364669,6679868.51196208,7506135.002767257
ed010d2a-1530-4bfa-b8a2-463aeb224c25,2023-11-17 09:00:00,6961595.312910999,6444045.867739315,7479144.758082683
ed010d2a-1530-4bfa-b8a2-463aeb224c25,2023-11-17 09:15:00,6929183.091265708,6316941.421665688,7541424.760865728
ed010d2a-1530-4bfa-b8a2-463aeb224c25,2023-11-17 09:30:00,7058286.139283248,6649158.632200811,7467413.646365685
ed010d2a-1530-4bfa-b8a2-463aeb224c25,2023-11-17 09:45:00,7101468.199150663,6696531.447203685,7506404.951097641
ed010d2a-1530-4bfa-b8a2-463aeb224c25,2023-11-17 10:00:00,7063093.630068004,6638198.931640497,7487988.328495511
ed010d2a-1530-4bfa-b8a2-463aeb224c25,2023-11-17 10:15:00,7130034.981213391,6608104.646220447,7651965.316206335
ed010d2a-1530-4bfa-b8a2-463aeb224c25,2023-11-17 10:30:00,7139315.6793064885,6731931.78702563,7546699.571587347
ed010d2a-1530-4bfa-b8a2-463aeb224c25,2023-11-17 10:45:00,7023567.36177768,6635446.106134703,7411688.617420657
ed010d2a-1530-4bfa-b8a2-463aeb224c25,2023-11-17 11:00:00,7007415.080602449,6652716.795827149,7362113.365377749
ed010d2a-1530-4bfa-b8a2-463aeb224c25,2023-11-17 11:15:00,6993101.008877188,6624364.303524238,7361837.714230138
ed010d2a-1530-4bfa-b8a2-463aeb224c25,2023-11-17 11:30:00,6850720.2478366075,6440010.31254778,7261430.183125435
ed010d2a-1530-4bfa-b8a2-463aeb224c25,2023-11-17 11:45:00,6805725.744223155,6339580.40326262,7271871.08518369
ed010d2a-1530-4bfa-b8a2-463aeb224c25,2023-11-17 12:00:00,7003190.966261274,6539039.556528756,7467342.375993792
ed010d2a-1530-4bfa-b8a2-463aeb224c25,2023-11-17 12:15:00,6771911.584527033,6285888.308612402,7257934.860441665
ed010d2a-1530-4bfa-b8a2-463aeb224c25,2023-11-17 12:30:00,6945511.0967275575,6507303.846017203,7383718.347437912
ed010d2a-1530-4bfa-b8a2-463aeb224c25,2023-11-17 12:45:00,6957635.304668011,6577092.741469859,7338177.867866163
ed010d2a-1530-4bfa-b8a2-463aeb224c25,2023-11-17 13:00:00,7028389.401756914,6506174.435036902,7550604.368476926
ed010d2a-1530-4bfa-b8a2-463aeb224c25,2023-11-17 13:15:00,6874850.76673225,6421410.831667242,7328290.701797259
ed010d2a-1530-4bfa-b8a2-463aeb224c25,2023-11-17 13:30:00,6962776.420715465,6294863.668450971,7630689.172979959
ed010d2a-1530-4bfa-b8a2-463aeb224c25,2023-11-17 13:45:00,7011856.132500016,6569748.973055854,7453963.291944178
ed010d2a-1530-4bfa-b8a2-463aeb224c25,2023-11-17 14:00:00,7012380.368848193,6570720.740710145,7454039.996986242
ed010d2a-1530-4bfa-b8a2-463aeb224c25,2023-11-17 14:15:00,6777400.646274991,6317101.621200171,7237699.671349811
ed010d2a-1530-4bfa-b8a2-463aeb224c25,2023-11-17 14:30:00,6837909.676698302,6335754.2379958695,7340065.115400734
ed010d2a-1530-4bfa-b8a2-463aeb224c25,2023-11-17 14:45:00,6735061.369125224,6343551.836837972,7126570.901412476
ed010d2a-1530-4bfa-b8a2-463aeb224c25,2023-11-17 15:00:00,6615861.302586165,6332806.270027536,6898916.335144795
ed010d2a-1530-4bfa-b8a2-463aeb224c25,2023-11-17 15:15:00,6772457.004095114,6523872.977307099,7021041.030883129
ed010d2a-1530-4bfa-b8a2-463aeb224c25,2023-11-17 15:30:00,6573477.054717924,4575373.990406707,8571580.119029142
ed010d2a-1530-4bfa-b8a2-463aeb224c25,2023-11-17 15:45:00,6772001.7766722925,4689039.269843307,8854964.283501277
ed010d2a-1530-4bfa-b8a2-463aeb224c25,2023-11-17 16:00:00,6610733.08087762,4600497.925764055,8620968.235991184
ed010d2a-1530-4bfa-b8a2-463aeb224c25,2023-11-17 16:15:00,6758278.332148381,5973278.445004333,7543278.219292428
ed010d2a-1530-4bfa-b8a2-463aeb224c25,2023-11-17 16:30:00,6341726.341956448,5566264.684571339,7117187.999341557
ed010d2a-1530-4bfa-b8a2-463aeb224c25,2023-11-17 16:45:00,6399007.175504826,5779931.656629689,7018082.694379963
ed010d2a-1530-4bfa-b8a2-463aeb224c25,2023-11-17 17:00:00,6144929.893962201,5450541.776818248,6839318.011106153
ed010d2a-1530-4bfa-b8a2-463aeb224c25,2023-11-17 17:15:00,6064006.832206206,5313054.911451725,6814958.7529606875
ed010d2a-1530-4bfa-b8a2-463aeb224c25,2023-11-17 17:30:00,5799923.284372529,5249472.095779886,6350374.4729651725
ed010d2a-1530-4bfa-b8a2-463aeb224c25,2023-11-17 17:45:00,5793962.626057454,5208357.164245748,6379568.087869161
ed010d2a-1530-4bfa-b8a2-463aeb224c25,2023-11-17 18:00:00,5587373.674696801,5019700.360281154,6155046.989112449
ed010d2a-1530-4bfa-b8a2-463aeb224c25,2023-11-17 18:15:00,5541988.29055704,5113474.561636457,5970502.019477623
ed010d2a-1530-4bfa-b8a2-463aeb224c25,2023-11-17 18:30:00,5497047.444080635,4987546.233445666,6006548.654715604
ed010d2a-1530-4bfa-b8a2-463aeb224c25,2023-11-17 18:45:00,5489398.228357542,4929447.643357813,6049348.813357271
ed010d2a-1530-4bfa-b8a2-463aeb224c25,2023-11-17 19:00:00,5460658.816072939,4955211.447380963,5966106.184764915
ed010d2a-1530-4bfa-b8a2-463aeb224c25,2023-11-17 19:15:00,5395610.308139374,4893847.882349317,5897372.73392943
ed010d2a-1530-4bfa-b8a2-463aeb224c25,2023-11-17 19:30:00,5361873.855552859,5005621.44475485,5718126.266350867
ed010d2a-1530-4bfa-b8a2-463aeb224c25,2023-11-17 19:45:00,5406098.765401958,5125485.39344502,5686712.1373588955
ed010d2a-1530-4bfa-b8a2-463aeb224c25,2023-11-17 20:00:00,5357520.600450822,4998820.427962016,5716220.772939628
ed010d2a-1530-4bfa-b8a2-463aeb224c25,2023-11-17 20:15:00,5195982.9289136175,4742826.163748016,5649139.694079219
ed010d2a-1530-4bfa-b8a2-463aeb224c25,2023-11-17 20:30:00,4999072.8513613185,4590703.409333578,5407442.293389059
ed010d2a-1530-4bfa-b8a2-463aeb224c25,2023-11-17 20:45:00,5147007.803557158,4807297.468871075,5486718.138243242
ed010d2a-1530-4bfa-b8a2-463aeb224c25,2023-11-17 21:00:00,4963098.462779574,4572905.245877351,5353291.6796817975
ed010d2a-1530-4bfa-b8a2-463aeb224c25,2023-11-17 21:15:00,4798491.520315493,4436104.428419411,5160878.612211576
ed010d2a-1530-4bfa-b8a2-463aeb224c25,2023-11-17 21:30:00,4794570.067039906,4383769.164155685,5205370.969924127
ed010d2a-1530-4bfa-b8a2-463aeb224c25,2023-11-17 21:45:00,4787896.975832996,4381632.134464063,5194161.817201929
ed010d2a-1530-4bfa-b8a2-463aeb224c25,2023-11-17 22:00:00,4698530.348895929,4378359.67876391,5018701.019027947
ed010d2a-1530-4bfa-b8a2-463aeb224c25,2023-11-17 22:15:00,4586700.456344255,4206885.8152498035,4966515.097438707
ed010d2a-1530-4bfa-b8a2-463aeb224c25,2023-11-17 22:30:00,4416125.093415902,3766418.7022626963,5065831.484569108
ed010d2a-1530-4bfa-b8a2-463aeb224c25,2023-11-17 22:45:00,4441535.46124303,3988204.006186039,4894866.91630002
ed010d2a-1530-4bfa-b8a2-463aeb224c25,2023-11-17 23:00:00,4215545.256210314,3779507.3942127875,4651583.118207841
ed010d2a-1530-4bfa-b8a2-463aeb224c25,2023-11-17 23:15:00,3945513.1573812505,3342340.3283985443,4548685.986363957
ed010d2a-1530-4bfa-b8a2-463aeb224c25,2023-11-17 23:30:00,3896570.212738345,3117177.5909936186,4675962.834483071
ed010d2a-1530-4bfa-b8a2-463aeb224c25,2023-11-17 23:45:00,3807580.583571276,2957562.262546539,4657598.904596013
ed010d2a-1530-4bfa-b8a2-463aeb224c25,2023-11-18 00:00:00,3805542.0034793373,2829353.3171022763,4781730.689856398
ed010d2a-1530-4bfa-b8a2-463aeb224c25,2023-11-18 00:15:00,3779614.1406343537,2802313.889570237,4756914.39169847
ed010d2a-1530-4bfa-b8a2-463aeb224c25,2023-11-18 00:30:00,3837707.9809214114,2848906.8305619364,4826509.131280886
ed010d2a-1530-4bfa-b8a2-463aeb224c25,2023-11-18 00:45:00,3926594.05555239,3068323.152208039,4784864.958896741
ed010d2a-1530-4bfa-b8a2-463aeb224c25,2023-11-18 01:00:00,3805717.1289861803,3014159.931006881,4597274.32696548
ed010d2a-1530-4bfa-b8a2-463aeb224c25,2023-11-18 01:15:00,3835863.6174512063,2996237.6814171067,4675489.553485306
ed010d2a-1530-4bfa-b8a2-463aeb224c25,2023-11-18 01:30:00,3852328.344938896,3124576.157314093,4580080.532563699
ed010d2a-1530-4bfa-b8a2-463aeb224c25,2023-11-18 01:45:00,3823206.1799626094,3115397.1037992467,4531015.256125972
ed010d2a-1530-4bfa-b8a2-463aeb224c25,2023-11-18 02:00:00,3881098.2207028647,3093204.3987050373,4668992.042700691
ed010d2a-1530-4bfa-b8a2-463aeb224c25,2023-11-18 02:15:00,3838335.8989631194,3071620.1238957,4605051.674030539
ed010d2a-1530-4bfa-b8a2-463aeb224c25,2023-11-18 02:30:00,3789102.0391296907,2987452.5213018893,4590751.556957492
ed010d2a-1530-4bfa-b8a2-463aeb224c25,2023-11-18 02:45:00,3850246.743881437,3113137.4900828605,4587355.997680014
ed010d2a-1530-4bfa-b8a2-463aeb224c25,2023-11-18 03:00:00,3806365.923728529,2802848.5298651643,4809883.317591894
ed010d2a-1530-4bfa-b8a2-463aeb224c25,2023-11-18 03:15:00,3760508.958986095,2804028.1188459606,4716989.79912623
ed010d2a-1530-4bfa-b8a2-463aeb224c25,2023-11-18 03:30:00,3898666.0656620064,3005357.9281080524,4791974.2032159595
ed010d2a-1530-4bfa-b8a2-463aeb224c25,2023-11-18 03:45:00,3821545.949013359,2830282.0343240285,4812809.863702689
ed010d2a-1530-4bfa-b8a2-463aeb224c25,2023-11-18 04:00:00,3746358.016315432,2741950.4317015787,4750765.600929285
ed010d2a-1530-4bfa-b8a2-463aeb224c25,2023-11-18 04:15:00,3858267.635846132,3077435.124825089,4639100.146867176
ed010d2a-1530-4bfa-b8a2-463aeb224c25,2023-11-18 04:30:00,3788209.9729377297,2934064.321962567,4642355.623912892
ed010d2a-1530-4bfa-b8a2-463aeb224c25,2023-11-18 04:45:00,3989272.2964512003,3008045.2371271546,4970499.355775246
ed010d2a-1530-4bfa-b8a2-463aeb224c25,2023-11-18 05:00:00,3843531.0241923463,2749797.705575759,4937264.342808933
ed010d2a-1530-4bfa-b8a2-463aeb224c25,2023-11-18 05:15:00,3728067.956791966,2671481.1960918014,4784654.7174921315
ed010d2a-1530-4bfa-b8a2-463aeb224c25,2023-11-18 05:30:00,3866739.512540318,2943431.910666966,4790047.11441367
ed010d2a-1530-4bfa-b8a2-463aeb224c25,2023-11-18 05:45:00,3922939.241402897,2931533.5054605757,4914344.977345218
ed010d2a-1530-4bfa-b8a2-463aeb224c25,2023-11-18 06:00:00,3962342.1005508886,3015508.953510809,4909175.247590967
ed010d2a-1530-4bfa-b8a2-463aeb224c25,2023-11-18 06:15:00,4050223.936738254,3236700.701210638,4863747.17226587
ed010d2a-1530-4bfa-b8a2-463aeb224c25,2023-11-18 06:30:00,4049304.632879,3263086.7330211513,4835522.532736849
ed010d2a-1530-4bfa-b8a2-463aeb224c25,2023-11-18 06:45:00,4103568.8968407037,3193835.913099129,5013301.880582278
ed010d2a-1530-4bfa-b8a2-463aeb224c25,2023-11-18 07:00:00,4079451.877617416,3071230.746933874,5087673.008300957
ed010d2a-1530-4bfa-b8a2-463aeb224c25,2023-11-18 07:15:00,4175740.3447034936,2994114.8624123507,5357365.826994636
ed010d2a-1530-4bfa-b8a2-463aeb224c25,2023-11-18 07:30:00,4217311.084123183,3146082.2555566025,5288539.912689764
ed010d2a-1530-4bfa-b8a2-463aeb224c25,2023-11-18 07:45:00,4350281.570252529,3355733.6526950155,5344829.487810044
ed010d2a-1530-4bfa-b8a2-463aeb224c25,2023-11-18 08:00:00,4444310.483707797,3475739.6648149723,5412881.302600621
ed010d2a-1530-4bfa-b8a2-463aeb224c25,2023-11-18 08:15:00,4357223.331096024,3361310.6635618266,5353135.998630222
ed010d2a-1530-4bfa-b8a2-463aeb224c25,2023-11-18 08:30:00,4518891.872456355,3606231.6844159933,5431552.060496717
ed010d2a-1530-4bfa-b8a2-463aeb224c25,2023-11-18 08:45:00,4684589.9530511,3823047.8750194786,5546132.0310827205
ed010d2a-1530-4bfa-b8a2-463aeb224c25,2023-11-18 09:00:00,4585331.983563577,3531883.085665997,5638780.8814611565
ed010d2a-1530-4bfa-b8a2-463aeb224c25,2023-11-18 09:15:00,4649030.618445302,3672565.6690235427,5625495.567867062
ed010d2a-1530-4bfa-b8a2-463aeb224c25,2023-11-18 09:30:00,4807768.746158117,3948100.2390571516,5667437.253259083
ed010d2a-1530-4bfa-b8a2-463aeb224c25,2023-11-18 09:45:00,4828105.86033597,3998716.9272144916,5657494.7934574485
ed010d2a-1530-4bfa-b8a2-463aeb224c25,2023-11-18 10:00:00,4716346.18299564,3923364.801012125,5509327.564979155
ed010d2a-1530-4bfa-b8a2-463aeb224c25,2023-11-18 10:15:00,4892912.980078593,3948013.9991898662,5837811.96096732
ed010d2a-1530-4bfa-b8a2-463aeb224c25,2023-11-18 10:30:00,4851368.598171568,3822318.383220169,5880418.813122966
ed010d2a-1530-4bfa-b8a2-463aeb224c25,2023-11-18 10:45:00,4687867.714590898,3721564.030182731,5654171.398999064
ed010d2a-1530-4bfa-b8a2-463aeb224c25,2023-11-18 11:00:00,4756509.081943678,3730285.4344830196,5782732.729404336
ed010d2a-1530-4bfa-b8a2-463aeb224c25,2023-11-18 11:15:00,4689261.079360328,3850796.68169131,5527725.477029345
ed010d2a-1530-4bfa-b8a2-463aeb224c25,2023-11-18 11:30:00,4645719.046077018,3823805.1977585666,5467632.894395469
ed010d2a-1530-4bfa-b8a2-463aeb224c25,2023-11-18 11:45:00,4641261.440814266,3811242.922857948,5471279.958770584
ed010d2a-1530-4bfa-b8a2-463aeb224c25,2023-11-18 12:00:00,4664796.626329668,3812571.8646838428,5517021.387975493
ed010d2a-1530-4bfa-b8a2-463aeb224c25,2023-11-18 12:15:00,4565426.555359538,3662990.345136493,5467862.765582583
ed010d2a-1530-4bfa-b8a2-463aeb224c25,2023-11-18 12:30:00,4488731.794265078,3734221.4768214743,5243242.111708682
ed010d2a-1530-4bfa-b8a2-463aeb224c25,2023-11-18 12:45:00,4645452.29832378,3930142.608865243,5360761.987782317
ed010d2a-1530-4bfa-b8a2-463aeb224c25,2023-11-18 13:00:00,4662465.129237177,3940417.807101977,5384512.451372377
ed010d2a-1530-4bfa-b8a2-463aeb224c25,2023-11-18 13:15:00,4528040.368183222,3805957.3729397776,5250123.363426666
ed010d2a-1530-4bfa-b8a2-463aeb224c25,2023-11-18 13:30:00,4558859.7817754485,3659568.9617970516,5458150.601753846
ed010d2a-1530-4bfa-b8a2-463aeb224c25,2023-11-18 13:45:00,4663082.378629003,4072713.150083656,5253451.607174349
ed010d2a-1530-4bfa-b8a2-463aeb224c25,2023-11-18 14:00:00,4644496.701797564,3906778.4433269408,5382214.960268186
ed010d2a-1530-4bfa-b8a2-463aeb224c25,2023-11-18 14:15:00,4483490.736148741,3806869.662580898,5160111.809716584
ed010d2a-1530-4bfa-b8a2-463aeb224c25,2023-11-18 14:30:00,4460338.363041805,3790454.4057422183,5130222.320341392
ed010d2a-1530-4bfa-b8a2-463aeb224c25,2023-11-18 14:45:00,4491517.971213784,3680337.7355252183,5302698.20690235
ed010d2a-1530-4bfa-b8a2-463aeb224c25,2023-11-18 15:00:00,4519695.634192599,3727970.062013025,5311421.2063721735
ed010d2a-1530-4bfa-b8a2-463aeb224c25,2023-11-18 15:15:00,4601312.688445644,4002411.8647763873,5200213.512114902
ed010d2a-1530-4bfa-b8a2-463aeb224c25,2023-11-18 15:30:00,4376572.8233077135,3733215.801486308,5019929.845129119
ed010d2a-1530-4bfa-b8a2-463aeb224c25,2023-11-18 15:45:00,4753541.520979126,4211215.167950083,5295867.874008169
ed010d2a-1530-4bfa-b8a2-463aeb224c25,2023-11-18 16:00:00,4670818.109532561,4023380.0894932016,5318256.129571921
ed010d2a-1530-4bfa-b8a2-463aeb224c25,2023-11-18 16:15:00,4813220.5107296575,4002019.479212583,5624421.542246732
ed010d2a-1530-4bfa-b8a2-463aeb224c25,2023-11-18 16:30:00,4670781.95888185,3922568.316736663,5418995.601027038
ed010d2a-1530-4bfa-b8a2-463aeb224c25,2023-11-18 16:45:00,4695460.227260612,3848802.82256329,5542117.631957934
ed010d2a-1530-4bfa-b8a2-463aeb224c25,2023-11-18 17:00:00,4716065.44427724,4011642.018084089,5420488.870470392
ed010d2a-1530-4bfa-b8a2-463aeb224c25,2023-11-18 17:15:00,4652382.89247001,3762461.1179080238,5542304.667031995
ed010d2a-1530-4bfa-b8a2-463aeb224c25,2023-11-18 17:30:00,4606909.630203552,3789368.4739189167,5424450.786488187
ed010d2a-1530-4bfa-b8a2-463aeb224c25,2023-11-18 17:45:00,4629235.710848552,3845203.3475749018,5413268.074122203
ed010d2a-1530-4bfa-b8a2-463aeb224c25,2023-11-18 18:00:00,4666839.254151271,3890132.7631603293,5443545.745142212
ed010d2a-1530-4bfa-b8a2-463aeb224c25,2023-11-18 18:15:00,4696430.48217863,4018624.697137158,5374236.267220102
ed010d2a-1530-4bfa-b8a2-463aeb224c25,2023-11-18 18:30:00,4638168.832389895,3997210.246829478,5279127.417950312
ed010d2a-1530-4bfa-b8a2-463aeb224c25,2023-11-18 18:45:00,4612353.664502245,3961025.293592526,5263682.035411965
ed010d2a-1530-4bfa-b8a2-463aeb224c25,2023-11-18 19:00:00,4708235.611775823,4004378.882817332,5412092.340734313
ed010d2a-1530-4bfa-b8a2-463aeb224c25,2023-11-18 19:15:00,4686513.456765461,4171643.908623167,5201383.004907754
ed010d2a-1530-4bfa-b8a2-463aeb224c25,2023-11-18 19:30:00,4759326.496876211,4032097.471460758,5486555.522291664
ed010d2a-1530-4bfa-b8a2-463aeb224c25,2023-11-18 19:45:00,4696861.595285709,4213303.437320931,5180419.753250487
ed010d2a-1530-4bfa-b8a2-463aeb224c25,2023-11-18 20:00:00,4783760.587341844,4173141.715588468,5394379.45909522
ed010d2a-1530-4bfa-b8a2-463aeb224c25,2023-11-18 20:15:00,4744960.538416483,4334712.794141864,5155208.2826911025
ed010d2a-1530-4bfa-b8a2-463aeb224c25,2023-11-18 20:30:00,4655643.594805079,4181748.9374911087,5129538.2521190485
ed010d2a-1530-4bfa-b8a2-463aeb224c25,2023-11-18 20:45:00,4771026.090063666,4219774.9199428065,5322277.2601845255
ed010d2a-1530-4bfa-b8a2-463aeb224c25,2023-11-18 21:00:00,4678147.948824838,4203121.722906019,5153174.174743657
ed010d2a-1530-4bfa-b8a2-463aeb224c25,2023-11-18 21:15:00,4510208.567267362,3996234.576118935,5024182.558415789
ed010d2a-1530-4bfa-b8a2-463aeb224c25,2023-11-18 21:30:00,4369752.521988144,3805646.320071606,4933858.723904682
ed010d2a-1530-4bfa-b8a2-463aeb224c25,2023-11-18 21:45:00,4391253.103512626,3882707.018562567,4899799.188462686
ed010d2a-1530-4bfa-b8a2-463aeb224c25,2023-11-18 22:00:00,4363521.262199618,4036830.707035436,4690211.8173638005
ed010d2a-1530-4bfa-b8a2-463aeb224c25,2023-11-18 22:15:00,4327465.62456313,3932591.133704321,4722340.115421938
ed010d2a-1530-4bfa-b8a2-463aeb224c25,2023-11-18 22:30:00,4353637.96963058,3802405.239557621,4904870.699703541
ed010d2a-1530-4bfa-b8a2-463aeb224c25,2023-11-18 22:45:00,4273155.899799444,3854098.914949555,4692212.884649333
ed010d2a-1530-4bfa-b8a2-463aeb224c25,2023-11-18 23:00:00,4137408.6442618053,3746932.77364596,4527884.514877651
ed010d2a-1530-4bfa-b8a2-463aeb224c25,2023-11-18 23:15:00,3898678.9199386556,3229425.704617828,4567932.135259484
ed010d2a-1530-4bfa-b8a2-463aeb224c25,2023-11-18 23:30:00,3941129.584514079,3246131.1788866348,4636127.990141523
ed010d2a-1530-4bfa-b8a2-463aeb224c25,2023-11-18 23:45:00,3835626.620436494,3084402.0404235865,4586851.200449401
ed010d2a-1530-4bfa-b8a2-463aeb224c25,2023-11-19 00:00:00,3894077.502376258,3280493.817481503,4507661.187271013
ed010d2a-1530-4bfa-b8a2-463aeb224c25,2023-11-19 00:15:00,3809428.147893755,2989402.8632807857,4629453.432506725
ed010d2a-1530-4bfa-b8a2-463aeb224c25,2023-11-19 00:30:00,3896818.198616756,2950239.918435866,4843396.478797646
ed010d2a-1530-4bfa-b8a2-463aeb224c25,2023-11-19 00:45:00,3940467.0851533613,3056260.597213782,4824673.57309294
ed010d2a-1530-4bfa-b8a2-463aeb224c25,2023-11-19 01:00:00,3836377.9119468313,2918561.692727316,4754194.131166346
ed010d2a-1530-4bfa-b8a2-463aeb224c25,2023-11-19 01:15:00,3925648.3795681465,3022040.2879631203,4829256.471173173
ed010d2a-1530-4bfa-b8a2-463aeb224c25,2023-11-19 01:30:00,3868052.813633235,3129225.9073696183,4606879.719896852
ed010d2a-1530-4bfa-b8a2-463aeb224c25,2023-11-19 01:45:00,3882541.4018273894,3150196.53748394,4614886.266170839
ed010d2a-1530-4bfa-b8a2-463aeb224c25,2023-11-19 02:00:00,3804967.3098166916,3192787.9777951874,4417146.641838196
ed010d2a-1530-4bfa-b8a2-463aeb224c25,2023-11-19 02:15:00,3959004.7968810224,3300819.330939955,4617190.26282209
ed010d2a-1530-4bfa-b8a2-463aeb224c25,2023-11-19 02:30:00,3894927.574374285,3220183.2488586484,4569671.899889921
ed010d2a-1530-4bfa-b8a2-463aeb224c25,2023-11-19 02:45:00,3893831.1172562414,3232195.995484856,4555466.239027627
ed010d2a-1530-4bfa-b8a2-463aeb224c25,2023-11-19 03:00:00,3956184.1788704107,3309732.9042952675,4602635.453445554
ed010d2a-1530-4bfa-b8a2-463aeb224c25,2023-11-19 03:15:00,3820728.5009970525,3111484.0554668,4529972.946527306
ed010d2a-1530-4bfa-b8a2-463aeb224c25,2023-11-19 03:30:00,3956563.0591371097,3305219.8369047823,4607906.2813694365
ed010d2a-1530-4bfa-b8a2-463aeb224c25,2023-11-19 03:45:00,3865095.0632398063,3168398.8502624705,4561791.276217142
ed010d2a-1530-4bfa-b8a2-463aeb224c25,2023-11-19 04:00:00,3837128.509934296,3068928.850208178,4605328.169660414
ed010d2a-1530-4bfa-b8a2-463aeb224c25,2023-11-19 04:15:00,3936385.5689230138,3246084.7828022237,4626686.355043804
ed010d2a-1530-4bfa-b8a2-463aeb224c25,2023-11-19 04:30:00,3867565.4366983855,3165092.1906824363,4570038.682714335
ed010d2a-1530-4bfa-b8a2-463aeb224c25,2023-11-19 04:45:00,4053612.4740432748,3451643.2088149446,4655581.739271604
ed010d2a-1530-4bfa-b8a2-463aeb224c25,2023-11-19 05:00:00,3893649.9125385354,3182951.200317964,4604348.624759106
ed010d2a-1530-4bfa-b8a2-463aeb224c25,2023-11-19 05:15:00,3829698.5546169747,2900642.616133388,4758754.493100561
ed010d2a-1530-4bfa-b8a2-463aeb224c25,2023-11-19 05:30:00,3875321.0678935875,2855314.860589429,4895327.275197746
ed010d2a-1530-4bfa-b8a2-463aeb224c25,2023-11-19 05:45:00,3950699.1793407006,2943860.358457023,4957538.000224378
ed010d2a-1530-4bfa-b8a2-463aeb224c25,2023-11-19 06:00:00,4066492.174680895,3134543.254585693,4998441.094776097
ed010d2a-1530-4bfa-b8a2-463aeb224c25,2023-11-19 06:15:00,4056411.217311255,3176250.3957823343,4936572.038840176
ed010d2a-1530-4bfa-b8a2-463aeb224c25,2023-11-19 06:30:00,4163242.6878764974,3307407.014844921,5019078.360908073
ed010d2a-1530-4bfa-b8a2-463aeb224c25,2023-11-19 06:45:00,4130565.8629828873,3291408.88882345,4969722.837142324
ed010d2a-1530-4bfa-b8a2-463aeb224c25,2023-11-19 07:00:00,4140324.9766475055,3165720.651325764,5114929.301969247
ed010d2a-1530-4bfa-b8a2-463aeb224c25,2023-11-19 07:15:00,4359862.468631692,3282244.878991616,5437480.0582717685
ed010d2a-1530-4bfa-b8a2-463aeb224c25,2023-11-19 07:30:00,4415256.321029064,3164130.8200253258,5666381.822032803
ed010d2a-1530-4bfa-b8a2-463aeb224c25,2023-11-19 07:45:00,4645813.53167974,3436712.6428652136,5854914.420494268
ed010d2a-1530-4bfa-b8a2-463aeb224c25,2023-11-19 08:00:00,4739756.453112885,3503674.5850820057,5975838.321143765
ed010d2a-1530-4bfa-b8a2-463aeb224c25,2023-11-19 08:15:00,4557430.898056556,3519059.419725269,5595802.376387842
ed010d2a-1530-4bfa-b8a2-463aeb224c25,2023-11-19 08:30:00,4792467.021417717,3894266.216058688,5690667.826776747
ed010d2a-1530-4bfa-b8a2-463aeb224c25,2023-11-19 08:45:00,4941078.151703833,3881443.9427385745,6000712.36066909
ed010d2a-1530-4bfa-b8a2-463aeb224c25,2023-11-19 09:00:00,4910302.459717108,3967269.5621598316,5853335.357274384
ed010d2a-1530-4bfa-b8a2-463aeb224c25,2023-11-19 09:15:00,5096190.265822276,4144347.773841555,6048032.757802996
ed010d2a-1530-4bfa-b8a2-463aeb224c25,2023-11-19 09:30:00,5134134.573950361,4227679.635038025,6040589.512862698
ed010d2a-1530-4bfa-b8a2-463aeb224c25,2023-11-19 09:45:00,5242610.777308165,4417233.481128891,6067988.073487439
ed010d2a-1530-4bfa-b8a2-463aeb224c25,2023-11-19 10:00:00,5167399.424038081,4423660.518911501,5911138.3291646615
ed010d2a-1530-4bfa-b8a2-463aeb224c25,2023-11-19 10:15:00,5172724.336604039,4090039.1064519547,6255409.566756124
ed010d2a-1530-4bfa-b8a2-463aeb224c25,2023-11-19 10:30:00,5272317.929918002,4285506.352239845,6259129.507596159
ed010d2a-1530-4bfa-b8a2-463aeb224c25,2023-11-19 10:45:00,5031211.994577121,4071036.139215354,5991387.849938888
ed010d2a-1530-4bfa-b8a2-463aeb224c25,2023-11-19 11:00:00,5023951.926770072,3881524.6632278073,6166379.190312338
ed010d2a-1530-4bfa-b8a2-463aeb224c25,2023-11-19 11:15:00,5086732.092882393,4153716.566998202,6019747.618766584
ed010d2a-1530-4bfa-b8a2-463aeb224c25,2023-11-19 11:30:00,5015283.350000583,3842633.8388358764,6187932.861165289
ed010d2a-1530-4bfa-b8a2-463aeb224c25,2023-11-19 11:45:00,5036825.570400051,3943172.8100718334,6130478.330728268
ed010d2a-1530-4bfa-b8a2-463aeb224c25,2023-11-19 12:00:00,5042997.8401147155,4119325.6414000923,5966670.038829339
ed010d2a-1530-4bfa-b8a2-463aeb224c25,2023-11-19 12:15:00,4854919.919159031,3749578.816965484,5960261.021352577
ed010d2a-1530-4bfa-b8a2-463aeb224c25,2023-11-19 12:30:00,4973547.559280367,3969025.8574689,5978069.261091834
ed010d2a-1530-4bfa-b8a2-463aeb224c25,2023-11-19 12:45:00,5001754.511369479,4009555.302678103,5993953.720060855
ed010d2a-1530-4bfa-b8a2-463aeb224c25,2023-11-19 13:00:00,5002796.574663392,3913033.552216353,6092559.597110432
ed010d2a-1530-4bfa-b8a2-463aeb224c25,2023-11-19 13:15:00,4926075.696793196,3940161.5248886826,5911989.868697709
ed010d2a-1530-4bfa-b8a2-463aeb224c25,2023-11-19 13:30:00,4959141.11652124,3867013.3453521873,6051268.887690294
ed010d2a-1530-4bfa-b8a2-463aeb224c25,2023-11-19 13:45:00,5086954.373528464,4134106.310220466,6039802.436836462
ed010d2a-1530-4bfa-b8a2-463aeb224c25,2023-11-19 14:00:00,5039619.768750798,4159095.4905915866,5920144.046910009
ed010d2a-1530-4bfa-b8a2-463aeb224c25,2023-11-19 14:15:00,4871079.802287354,4024245.2662895126,5717914.338285196
ed010d2a-1530-4bfa-b8a2-463aeb224c25,2023-11-19 14:30:00,4934461.2135810545,4066387.86889858,5802534.558263529
ed010d2a-1530-4bfa-b8a2-463aeb224c25,2023-11-19 14:45:00,4900913.5334017705,4114582.830353794,5687244.236449746
ed010d2a-1530-4bfa-b8a2-463aeb224c25,2023-11-19 15:00:00,4791774.976784969,4009292.0219250857,5574257.931644852
ed010d2a-1530-4bfa-b8a2-463aeb224c25,2023-11-19 15:15:00,4772912.323327615,3949374.897760763,5596449.748894467
ed010d2a-1530-4bfa-b8a2-463aeb224c25,2023-11-19 15:30:00,4577785.245173479,3846615.521657274,5308954.968689685
ed010d2a-1530-4bfa-b8a2-463aeb224c25,2023-11-19 15:45:00,4860469.477203396,4185775.9570404394,5535162.997366353
ed010d2a-1530-4bfa-b8a2-463aeb224c25,2023-11-19 16:00:00,4851397.45977025,4144795.5566354254,5557999.362905075
ed010d2a-1530-4bfa-b8a2-463aeb224c25,2023-11-19 16:15:00,4903625.293972125,3915851.629125379,5891398.9588188715
ed010d2a-1530-4bfa-b8a2-463aeb224c25,2023-11-19 16:30:00,4754278.741758323,3942546.7422505305,5566010.741266116
ed010d2a-1530-4bfa-b8a2-463aeb224c25,2023-11-19 16:45:00,4719479.415042259,3939554.3138808333,5499404.516203685
ed010d2a-1530-4bfa-b8a2-463aeb224c25,2023-11-19 17:00:00,4673052.5366438525,3724972.219206391,5621132.854081314
ed010d2a-1530-4bfa-b8a2-463aeb224c25,2023-11-19 17:15:00,4744414.851768027,3630233.686300616,5858596.017235438
ed010d2a-1530-4bfa-b8a2-463aeb224c25,2023-11-19 17:30:00,4633608.123370802,3712193.439331321,5555022.807410283
ed010d2a-1530-4bfa-b8a2-463aeb224c25,2023-11-19 17:45:00,4685583.768111567,3717399.580530533,5653767.9556926
ed010d2a-1530-4bfa-b8a2-463aeb224c25,2023-11-19 18:00:00,4611996.608265518,3546183.131752611,5677810.084778425
ed010d2a-1530-4bfa-b8a2-463aeb224c25,2023-11-19 18:15:00,4729933.235233877,3673392.203233636,5786474.267234118
ed010d2a-1530-4bfa-b8a2-463aeb224c25,2023-11-19 18:30:00,4686885.152640868,3873734.4764855714,5500035.828796165
ed010d2a-1530-4bfa-b8a2-463aeb224c25,2023-11-19 18:45:00,4721535.756252974,3905531.503582236,5537540.008923712
ed010d2a-1530-4bfa-b8a2-463aeb224c25,2023-11-19 19:00:00,4754137.974754156,3851300.9795715217,5656974.96993679
ed010d2a-1530-4bfa-b8a2-463aeb224c25,2023-11-19 19:15:00,4761588.075893195,3939980.4764526477,5583195.675333743
ed010d2a-1530-4bfa-b8a2-463aeb224c25,2023-11-19 19:30:00,4711685.836615584,3897561.62780962,5525810.045421547
ed010d2a-1530-4bfa-b8a2-463aeb224c25,2023-11-19 19:45:00,4817561.1212630365,4116862.9612592245,5518259.281266849
ed010d2a-1530-4bfa-b8a2-463aeb224c25,2023-11-19 20:00:00,4750792.089889496,3988063.8100975794,5513520.369681412
ed010d2a-1530-4bfa-b8a2-463aeb224c25,2023-11-19 20:15:00,4754076.326094879,3829181.626033858,5678971.0261559
ed010d2a-1530-4bfa-b8a2-463aeb224c25,2023-11-19 20:30:00,4632010.51035164,3785325.0706876754,5478695.9500156045
ed010d2a-1530-4bfa-b8a2-463aeb224c25,2023-11-19 20:45:00,4703074.456440343,3714711.128907939,5691437.783972746
ed010d2a-1530-4bfa-b8a2-463aeb224c25,2023-11-19 21:00:00,4653066.101144416,3723424.377179687,5582707.825109146
ed010d2a-1530-4bfa-b8a2-463aeb224c25,2023-11-19 21:15:00,4500250.947979135,3638401.555040939,5362100.340917331
ed010d2a-1530-4bfa-b8a2-463aeb224c25,2023-11-19 21:30:00,4498552.465378884,3678631.415358428,5318473.515399341
ed010d2a-1530-4bfa-b8a2-463aeb224c25,2023-11-19 21:45:00,4399021.7076852275,3421823.8473785147,5376219.56799194
ed010d2a-1530-4bfa-b8a2-463aeb224c25,2023-11-19 22:00:00,4460012.934313211,3742303.387926985,5177722.480699436
ed010d2a-1530-4bfa-b8a2-463aeb224c25,2023-11-19 22:15:00,4437050.121994665,3760216.2056504157,5113884.038338914
ed010d2a-1530-4bfa-b8a2-463aeb224c25,2023-11-19 22:30:00,4367915.2076418195,3522157.144786867,5213673.270496773
ed010d2a-1530-4bfa-b8a2-463aeb224c25,2023-11-19 22:45:00,4334934.927209765,3371408.147907871,5298461.706511659
ed010d2a-1530-4bfa-b8a2-463aeb224c25,2023-11-19 23:00:00,4241814.455644784,3585594.1296631414,4898034.781626427
ed010d2a-1530-4bfa-b8a2-463aeb224c25,2023-11-19 23:15:00,4032115.133629951,3100540.0181134767,4963690.249146426
ed010d2a-1530-4bfa-b8a2-463aeb224c25,2023-11-19 23:30:00,4087039.9639304075,3101392.340739566,5072687.587121249
ed010d2a-1530-4bfa-b8a2-463aeb224c25,2023-11-19 23:45:00,3936521.770268643,2964481.5524163814,4908561.988120904
ed010d2a-1530-4bfa-b8a2-463aeb224c25,2023-11-20 00:00:00,3918000.211890741,3084455.994812344,4751544.428969137
ed010d2a-1530-4bfa-b8a2-463aeb224c25,2023-11-20 00:15:00,4000055.1728887353,3050317.199350273,4949793.146427198
ed010d2a-1530-4bfa-b8a2-463aeb224c25,2023-11-20 00:30:00,3875963.02359158,2838699.590092978,4913226.457090182
ed010d2a-1530-4bfa-b8a2-463aeb224c25,2023-11-20 00:45:00,4010809.612908161,3029326.9014930986,4992292.324323222
ed010d2a-1530-4bfa-b8a2-463aeb224c25,2023-11-20 01:00:00,3936179.0457847244,3074338.934113021,4798019.157456429
ed010d2a-1530-4bfa-b8a2-463aeb224c25,2023-11-20 01:15:00,3933478.7784402915,2935125.6309934994,4931831.925887084
ed010d2a-1530-4bfa-b8a2-463aeb224c25,2023-11-20 01:30:00,4042892.9518614965,3002795.7472297135,5082990.156493279
ed010d2a-1530-4bfa-b8a2-463aeb224c25,2023-11-20 01:45:00,3890542.6301849657,2995016.8783545224,4786068.382015409
ed010d2a-1530-4bfa-b8a2-463aeb224c25,2023-11-20 02:00:00,3966435.2141987975,3140601.38989018,4792269.038507415
ed010d2a-1530-4bfa-b8a2-463aeb224c25,2023-11-20 02:15:00,3904650.9982493944,2922557.1407700498,4886744.85572874
ed010d2a-1530-4bfa-b8a2-463aeb224c25,2023-11-20 02:30:00,3930765.1148075485,2993899.2910117214,4867630.938603376
ed010d2a-1530-4bfa-b8a2-463aeb224c25,2023-11-20 02:45:00,3930796.947807895,3131793.4965209276,4729800.399094863
ed010d2a-1530-4bfa-b8a2-463aeb224c25,2023-11-20 03:00:00,3884901.879184972,2992150.610454119,4777653.147915826
ed010d2a-1530-4bfa-b8a2-463aeb224c25,2023-11-20 03:15:00,3871891.897155092,2806076.7897806996,4937707.004529485
ed010d2a-1530-4bfa-b8a2-463aeb224c25,2023-11-20 03:30:00,3947692.891718281,2995776.4981731493,4899609.285263413
ed010d2a-1530-4bfa-b8a2-463aeb224c25,2023-11-20 03:45:00,3856671.8406543615,3057455.5225983397,4655888.158710384
ed010d2a-1530-4bfa-b8a2-463aeb224c25,2023-11-20 04:00:00,3842517.420114386,2936193.115704972,4748841.7245237995
ed010d2a-1530-4bfa-b8a2-463aeb224c25,2023-11-20 04:15:00,4092313.7041922095,3309811.4662372456,4874815.942147173
ed010d2a-1530-4bfa-b8a2-463aeb224c25,2023-11-20 04:30:00,4098480.331720885,3197069.103703233,4999891.559738536
ed010d2a-1530-4bfa-b8a2-463aeb224c25,2023-11-20 04:45:00,4359916.7791214455,3476843.569537522,5242989.98870537
ed010d2a-1530-4bfa-b8a2-463aeb224c25,2023-11-20 05:00:00,4245240.617190476,3272115.195391273,5218366.038989678
ed010d2a-1530-4bfa-b8a2-463aeb224c25,2023-11-20 05:15:00,4345280.536746477,3333734.912860054,5356826.160632899
ed010d2a-1530-4bfa-b8a2-463aeb224c25,2023-11-20 05:30:00,4438142.342991258,3345517.136845078,5530767.549137439
ed010d2a-1530-4bfa-b8a2-463aeb224c25,2023-11-20 05:45:00,4618146.084050318,3496764.943964015,5739527.224136622
ed010d2a-1530-4bfa-b8a2-463aeb224c25,2023-11-20 06:00:00,4671688.965195457,3548628.0577389416,5794749.872651974
ed010d2a-1530-4bfa-b8a2-463aeb224c25,2023-11-20 06:15:00,5190354.978695485,4063049.687805338,6317660.269585633
ed010d2a-1530-4bfa-b8a2-463aeb224c25,2023-11-20 06:30:00,5309487.082346362,4130208.0682761646,6488766.09641656
ed010d2a-1530-4bfa-b8a2-463aeb224c25,2023-11-20 06:45:00,5474443.808585772,4420802.632943563,6528084.984227981
ed010d2a-1530-4bfa-b8a2-463aeb224c25,2023-11-20 07:00:00,5588526.770678564,4215058.867657981,6961994.673699147
ed010d2a-1530-4bfa-b8a2-463aeb224c25,2023-11-20 07:15:00,5939969.260348445,4491185.680993295,7388752.839703594
ed010d2a-1530-4bfa-b8a2-463aeb224c25,2023-11-20 07:30:00,6234607.297985237,4767218.86645201,7701995.729518465
ed010d2a-1530-4bfa-b8a2-463aeb224c25,2023-11-20 07:45:00,6442080.519814441,4957567.216553284,7926593.823075598
ed010d2a-1530-4bfa-b8a2-463aeb224c25,2023-11-20 08:00:00,6611822.758985887,5168659.815210067,8054985.702761708
ed010d2a-1530-4bfa-b8a2-463aeb224c25,2023-11-20 08:15:00,6770530.113184929,5465057.719867428,8076002.50650243
ed010d2a-1530-4bfa-b8a2-463aeb224c25,2023-11-20 08:30:00,6933604.243278731,5502717.144237386,8364491.342320075
ed010d2a-1530-4bfa-b8a2-463aeb224c25,2023-11-20 08:45:00,7124360.381003281,5848073.27046621,8400647.491540352
ed010d2a-1530-4bfa-b8a2-463aeb224c25,2023-11-20 09:00:00,7016238.485410522,5727237.491488635,8305239.479332409
ed010d2a-1530-4bfa-b8a2-463aeb224c25,2023-11-20 09:15:00,7001222.362589411,5830261.863136665,8172182.862042158
ed010d2a-1530-4bfa-b8a2-463aeb224c25,2023-11-20 09:30:00,7242459.066515654,5916598.184533606,8568319.948497703
ed010d2a-1530-4bfa-b8a2-463aeb224c25,2023-11-20 09:45:00,7314179.549018618,5992030.584389077,8636328.513648158
ed010d2a-1530-4bfa-b8a2-463aeb224c25,2023-11-20 10:00:00,7208107.216268616,5634387.498601479,8781826.933935754
ed010d2a-1530-4bfa-b8a2-463aeb224c25,2023-11-20 10:15:00,7407316.505950909,5838723.613302667,8975909.398599152
ed010d2a-1530-4bfa-b8a2-463aeb224c25,2023-11-20 10:30:00,7464531.791671777,6056323.6080612205,8872739.975282334
ed010d2a-1530-4bfa-b8a2-463aeb224c25,2023-11-20 10:45:00,7121662.702844491,5641163.452274747,8602161.953414235
ed010d2a-1530-4bfa-b8a2-463aeb224c25,2023-11-20 11:00:00,7283796.478310203,5717552.31928908,8850040.637331327
ed010d2a-1530-4bfa-b8a2-463aeb224c25,2023-11-20 11:15:00,7187929.244924903,5735563.943894265,8640294.545955539
ed010d2a-1530-4bfa-b8a2-463aeb224c25,2023-11-20 11:30:00,7098756.661440606,5425199.236338568,8772314.086542645
ed010d2a-1530-4bfa-b8a2-463aeb224c25,2023-11-20 11:45:00,7066825.031626067,5505492.422130983,8628157.64112115
ed010d2a-1530-4bfa-b8a2-463aeb224c25,2023-11-20 12:00:00,7090719.835967185,5613166.153880027,8568273.518054344
ed010d2a-1530-4bfa-b8a2-463aeb224c25,2023-11-20 12:15:00,6952406.295005783,5372582.392676909,8532230.197334658
ed010d2a-1530-4bfa-b8a2-463aeb224c25,2023-11-20 12:30:00,7022243.421255186,5683103.491685359,8361383.350825013
ed010d2a-1530-4bfa-b8a2-463aeb224c25,2023-11-20 12:45:00,7204215.851869052,5980660.667078903,8427771.0366592
ed010d2a-1530-4bfa-b8a2-463aeb224c25,2023-11-20 13:00:00,7158636.182262101,5594418.777351054,8722853.587173149
ed010d2a-1530-4bfa-b8a2-463aeb224c25,2023-11-20 13:15:00,6953028.739516905,5498240.923842294,8407816.555191515
ed010d2a-1530-4bfa-b8a2-463aeb224c25,2023-11-20 13:30:00,6959732.358046619,5532928.622401313,8386536.0936919255
ed010d2a-1530-4bfa-b8a2-463aeb224c25,2023-11-20 13:45:00,7102261.819674986,5766267.361401053,8438256.277948922
ed010d2a-1530-4bfa-b8a2-463aeb224c25,2023-11-20 14:00:00,7081909.183921654,5655383.321762762,8508435.046080545
ed010d2a-1530-4bfa-b8a2-463aeb224c25,2023-11-20 14:15:00,6692478.36174239,5322005.4972746875,8062951.226210094
ed010d2a-1530-4bfa-b8a2-463aeb224c25,2023-11-20 14:30:00,6913463.89839215,5592358.078157168,8234569.7186271325
ed010d2a-1530-4bfa-b8a2-463aeb224c25,2023-11-20 14:45:00,6772418.40411064,5482940.122870994,8061896.685350287
ed010d2a-1530-4bfa-b8a2-463aeb224c25,2023-11-20 15:00:00,6722184.401452126,5416899.121100991,8027469.681803261
ed010d2a-1530-4bfa-b8a2-463aeb224c25,2023-11-20 15:15:00,6696057.127844697,5436447.038276374,7955667.217413019
ed010d2a-1530-4bfa-b8a2-463aeb224c25,2023-11-20 15:30:00,6464257.771649126,5139501.887842482,7789013.65545577
ed010d2a-1530-4bfa-b8a2-463aeb224c25,2023-11-20 15:45:00,6734042.450547604,5540909.531676467,7927175.369418741
ed010d2a-1530-4bfa-b8a2-463aeb224c25,2023-11-20 16:00:00,6660767.573038623,5414485.125893306,7907050.0201839395
ed010d2a-1530-4bfa-b8a2-463aeb224c25,2023-11-20 16:15:00,6655002.562315064,5259929.354368003,8050075.770262124
ed010d2a-1530-4bfa-b8a2-463aeb224c25,2023-11-20 16:30:00,6325366.453738014,4990490.407338332,7660242.500137696
ed010d2a-1530-4bfa-b8a2-463aeb224c25,2023-11-20 16:45:00,6337174.035876383,4913408.831391183,7760939.240361583
ed010d2a-1530-4bfa-b8a2-463aeb224c25,2023-11-20 17:00:00,6141943.39101138,4811428.566215801,7472458.215806958
ed010d2a-1530-4bfa-b8a2-463aeb224c25,2023-11-20 17:15:00,6044406.244793126,4673410.683269295,7415401.806316958
ed010d2a-1530-4bfa-b8a2-463aeb224c25,2023-11-20 17:30:00,5965205.974136757,4759160.121069263,7171251.827204251
ed010d2a-1530-4bfa-b8a2-463aeb224c25,2023-11-20 17:45:00,5880976.580191053,4357799.793493247,7404153.36688886
ed010d2a-1530-4bfa-b8a2-463aeb224c25,2023-11-20 18:00:00,5689715.254516486,4199795.591486356,7179634.917546616
ed010d2a-1530-4bfa-b8a2-463aeb224c25,2023-11-20 18:15:00,5624867.691505762,4124982.532989208,7124752.850022315
ed010d2a-1530-4bfa-b8a2-463aeb224c25,2023-11-20 18:30:00,5536222.229857979,4340802.213938624,6731642.245777335
ed010d2a-1530-4bfa-b8a2-463aeb224c25,2023-11-20 18:45:00,5494071.02804917,4203002.457733253,6785139.598365087
ed010d2a-1530-4bfa-b8a2-463aeb224c25,2023-11-20 19:00:00,5558228.824620572,4139634.1142891934,6976823.53495195
ed010d2a-1530-4bfa-b8a2-463aeb224c25,2023-11-20 19:15:00,5414444.04206147,4115399.93705155,6713488.14707139
ed010d2a-1530-4bfa-b8a2-463aeb224c25,2023-11-20 19:30:00,5427653.188075182,4397810.543043542,6457495.833106822
ed010d2a-1530-4bfa-b8a2-463aeb224c25,2023-11-20 19:45:00,5454054.166521905,4365135.512412723,6542972.820631088
ed010d2a-1530-4bfa-b8a2-463aeb224c25,2023-11-20 20:00:00,5360913.329903421,4262374.366903124,6459452.292903718
ed010d2a-1530-4bfa-b8a2-463aeb224c25,2023-11-20 20:15:00,5302892.816971452,4329192.451248438,6276593.182694466
ed010d2a-1530-4bfa-b8a2-463aeb224c25,2023-11-20 20:30:00,5256751.21196942,4216022.10029624,6297480.3236426
ed010d2a-1530-4bfa-b8a2-463aeb224c25,2023-11-20 20:45:00,5283692.638707545,4161168.583226462,6406216.694188628
ed010d2a-1530-4bfa-b8a2-463aeb224c25,2023-11-20 21:00:00,5127235.064348868,4130196.6354664406,6124273.493231295
ed010d2a-1530-4bfa-b8a2-463aeb224c25,2023-11-20 21:15:00,4868708.781782348,3946207.754203365,5791209.80936133
ed010d2a-1530-4bfa-b8a2-463aeb224c25,2023-11-20 21:30:00,4758301.887153087,3761800.3977493336,5754803.376556841
ed010d2a-1530-4bfa-b8a2-463aeb224c25,2023-11-20 21:45:00,4571552.379044905,3641359.5369799016,5501745.221109909
ed010d2a-1530-4bfa-b8a2-463aeb224c25,2023-11-20 22:00:00,4585211.604239974,3692586.9615794974,5477836.24690045
ed010d2a-1530-4bfa-b8a2-463aeb224c25,2023-11-20 22:15:00,4306129.523431216,3335875.862729742,5276383.184132691
ed010d2a-1530-4bfa-b8a2-463aeb224c25,2023-11-20 22:30:00,4314435.836643741,3345820.4861397366,5283051.187147744
ed010d2a-1530-4bfa-b8a2-463aeb224c25,2023-11-20 22:45:00,4174870.6999507295,3254335.7387194457,5095405.661182012
ed010d2a-1530-4bfa-b8a2-463aeb224c25,2023-11-20 23:00:00,4005435.118818927,3059366.670111329,4951503.567526525
ed010d2a-1530-4bfa-b8a2-463aeb224c25,2023-11-20 23:15:00,3734849.9125177846,2455288.0554177426,5014411.769617826
ed010d2a-1530-4bfa-b8a2-463aeb224c25,2023-11-20 23:30:00,3684174.0160289714,2474198.2683754447,4894149.763682499
ed010d2a-1530-4bfa-b8a2-463aeb224c25,2023-11-20 23:45:00,3655104.397441795,2366471.316644289,4943737.478239301
ed010d2a-1530-4bfa-b8a2-463aeb224c25,2023-11-21 00:00:00,3668573.1084465478,2299159.1445242697,5037987.072368826
ed010d2a-1530-4bfa-b8a2-463aeb224c25,2023-11-21 00:15:00,3656248.0862166113,2351640.37766102,4960855.794772202
ed010d2a-1530-4bfa-b8a2-463aeb224c25,2023-11-21 00:30:00,3702853.605409697,2207617.3963494543,5198089.81446994
ed010d2a-1530-4bfa-b8a2-463aeb224c25,2023-11-21 00:45:00,3624857.466921862,2156136.675340738,5093578.258502986
ed010d2a-1530-4bfa-b8a2-463aeb224c25,2023-11-21 01:00:00,3624705.4364585266,2086320.7018368687,5163090.171080184
ed010d2a-1530-4bfa-b8a2-463aeb224c25,2023-11-21 01:15:00,3669408.678960459,2128430.6419613534,5210386.715959565
ed010d2a-1530-4bfa-b8a2-463aeb224c25,2023-11-21 01:30:00,3714518.6423806483,2349103.542883645,5079933.741877652
ed010d2a-1530-4bfa-b8a2-463aeb224c25,2023-11-21 01:45:00,3641509.968471102,2331996.1761159725,4951023.760826232
ed010d2a-1530-4bfa-b8a2-463aeb224c25,2023-11-21 02:00:00,3593267.181134848,2383964.600982879,4802569.7612868175
ed010d2a-1530-4bfa-b8a2-463aeb224c25,2023-11-21 02:15:00,3702282.1747365864,2461654.835765576,4942909.513707596
ed010d2a-1530-4bfa-b8a2-463aeb224c25,2023-11-21 02:30:00,3635870.0885757455,2400147.5436574123,4871592.633494078
ed010d2a-1530-4bfa-b8a2-463aeb224c25,2023-11-21 02:45:00,3650802.273714923,2474160.349489891,4827444.197939955
ed010d2a-1530-4bfa-b8a2-463aeb224c25,2023-11-21 03:00:00,3697618.219887771,2535124.8261695122,4860111.61360603
ed010d2a-1530-4bfa-b8a2-463aeb224c25,2023-11-21 03:15:00,3591038.329287526,2250447.134272676,4931629.524302376
ed010d2a-1530-4bfa-b8a2-463aeb224c25,2023-11-21 03:30:00,3713165.219680465,2319383.4545326442,5106946.984828285
ed010d2a-1530-4bfa-b8a2-463aeb224c25,2023-11-21 03:45:00,3666971.709101497,2364933.940122549,4969009.478080445
ed010d2a-1530-4bfa-b8a2-463aeb224c25,2023-11-21 04:00:00,3622105.3677623267,2217607.8125971807,5026602.922927472
ed010d2a-1530-4bfa-b8a2-463aeb224c25,2023-11-21 04:15:00,3837802.428669553,2372518.4230424464,5303086.434296659
ed010d2a-1530-4bfa-b8a2-463aeb224c25,2023-11-21 04:30:00,3766616.5740496414,2146856.850834355,5386376.297264928
ed010d2a-1530-4bfa-b8a2-463aeb224c25,2023-11-21 04:45:00,4146232.2730239327,2717981.8256207593,5574482.720427107
ed010d2a-1530-4bfa-b8a2-463aeb224c25,2023-11-21 05:00:00,3969981.1011093017,2446937.7766912305,5493024.425527373
ed010d2a-1530-4bfa-b8a2-463aeb224c25,2023-11-21 05:15:00,3915255.174432312,2484209.64275626,5346300.706108364
ed010d2a-1530-4bfa-b8a2-463aeb224c25,2023-11-21 05:30:00,4051785.2788413987,2481453.329768891,5622117.227913906
ed010d2a-1530-4bfa-b8a2-463aeb224c25,2023-11-21 05:45:00,4274035.618305805,2678754.308319111,5869316.9282925
ed010d2a-1530-4bfa-b8a2-463aeb224c25,2023-11-21 06:00:00,4404042.648371976,3060193.3687438173,5747891.928000134
ed010d2a-1530-4bfa-b8a2-463aeb224c25,2023-11-21 06:15:00,4879239.649785442,3145404.258062484,6613075.041508401
ed010d2a-1530-4bfa-b8a2-463aeb224c25,2023-11-21 06:30:00,5012822.288592912,3298473.9369890657,6727170.640196759
ed010d2a-1530-4bfa-b8a2-463aeb224c25,2023-11-21 06:45:00,5232763.087648444,3581853.3648533877,6883672.8104435
ed010d2a-1530-4bfa-b8a2-463aeb224c25,2023-11-21 07:00:00,5404164.356961911,3388593.5198836965,7419735.194040125
ed010d2a-1530-4bfa-b8a2-463aeb224c25,2023-11-21 07:15:00,5647050.473780017,3666792.7077722773,7627308.239787757
ed010d2a-1530-4bfa-b8a2-463aeb224c25,2023-11-21 07:30:00,5891643.608779954,3896125.517727216,7887161.699832692
ed010d2a-1530-4bfa-b8a2-463aeb224c25,2023-11-21 07:45:00,6298937.593452779,4238513.30313423,8359361.883771328
ed010d2a-1530-4bfa-b8a2-463aeb224c25,2023-11-21 08:00:00,6480876.604012125,4600371.56031492,8361381.647709331
ed010d2a-1530-4bfa-b8a2-463aeb224c25,2023-11-21 08:15:00,6602619.044598767,4652387.309998288,8552850.779199246
ed010d2a-1530-4bfa-b8a2-463aeb224c25,2023-11-21 08:30:00,6767778.777710047,4845157.153160196,8690400.402259897
ed010d2a-1530-4bfa-b8a2-463aeb224c25,2023-11-21 08:45:00,6893537.769631155,5105426.786752817,8681648.752509492
ed010d2a-1530-4bfa-b8a2-463aeb224c25,2023-11-21 09:00:00,6874530.527559593,5227810.305661092,8521250.749458095
ed010d2a-1530-4bfa-b8a2-463aeb224c25,2023-11-21 09:15:00,6898084.196422073,5497266.794507212,8298901.598336934
ed010d2a-1530-4bfa-b8a2-463aeb224c25,2023-11-21 09:30:00,6947275.859986195,5613896.432391778,8280655.287580613
ed010d2a-1530-4bfa-b8a2-463aeb224c25,2023-11-21 09:45:00,7109167.932261871,5814507.161378278,8403828.703145463
ed010d2a-1530-4bfa-b8a2-463aeb224c25,2023-11-21 10:00:00,6928812.100444817,5592493.8625942785,8265130.338295355
ed010d2a-1530-4bfa-b8a2-463aeb224c25,2023-11-21 10:15:00,7003276.740941609,5757244.3970022695,8249309.084880949
ed010d2a-1530-4bfa-b8a2-463aeb224c25,2023-11-21 10:30:00,6954852.455522366,5724087.996779578,8185616.914265154
ed010d2a-1530-4bfa-b8a2-463aeb224c25,2023-11-21 10:45:00,6934099.692910201,5702339.455659556,8165859.930160846
ed010d2a-1530-4bfa-b8a2-463aeb224c25,2023-11-21 11:00:00,6986110.628185394,5854503.444855523,8117717.811515265
ed010d2a-1530-4bfa-b8a2-463aeb224c25,2023-11-21 11:15:00,6940568.382802069,5633386.905051824,8247749.860552315
ed010d2a-1530-4bfa-b8a2-463aeb224c25,2023-11-21 11:30:00,6791946.451172355,5358508.242519818,8225384.659824891
ed010d2a-1530-4bfa-b8a2-463aeb224c25,2023-11-21 11:45:00,6969637.322592633,5762388.293278071,8176886.351907195
ed010d2a-1530-4bfa-b8a2-463aeb224c25,2023-11-21 12:00:00,6897214.452115739,5718140.2311186,8076288.673112878
ed010d2a-1530-4bfa-b8a2-463aeb224c25,2023-11-21 12:15:00,6699867.136733474,5444797.030303046,7954937.243163902
ed010d2a-1530-4bfa-b8a2-463aeb224c25,2023-11-21 12:30:00,6874907.861422318,5647425.640234938,8102390.082609698
ed010d2a-1530-4bfa-b8a2-463aeb224c25,2023-11-21 12:45:00,7007602.656286438,6071191.814218735,7944013.498354141
ed010d2a-1530-4bfa-b8a2-463aeb224c25,2023-11-21 13:00:00,7005215.380699913,5971923.40003389,8038507.361365936
ed010d2a-1530-4bfa-b8a2-463aeb224c25,2023-11-21 13:15:00,6875477.605901131,5764923.313418866,7986031.898383397
ed010d2a-1530-4bfa-b8a2-463aeb224c25,2023-11-21 13:30:00,7037522.772004804,5891830.614152579,8183214.929857029
ed010d2a-1530-4bfa-b8a2-463aeb224c25,2023-11-21 13:45:00,7050631.850156769,6032462.631519561,8068801.068793978
ed010d2a-1530-4bfa-b8a2-463aeb224c25,2023-11-21 14:00:00,7055629.759618158,5747298.673912088,8363960.8453242285
ed010d2a-1530-4bfa-b8a2-463aeb224c25,2023-11-21 14:15:00,6825208.141801338,5618019.475381462,8032396.8082212135
ed010d2a-1530-4bfa-b8a2-463aeb224c25,2023-11-21 14:30:00,6920426.989662034,5725560.639014476,8115293.340309593
ed010d2a-1530-4bfa-b8a2-463aeb224c25,2023-11-21 14:45:00,6872843.425293125,5666412.587766028,8079274.262820222
ed010d2a-1530-4bfa-b8a2-463aeb224c25,2023-11-21 15:00:00,6910893.094368838,5668526.116792818,8153260.071944858
ed010d2a-1530-4bfa-b8a2-463aeb224c25,2023-11-21 15:15:00,6957211.913687158,5406864.710624815,8507559.1167495
ed010d2a-1530-4bfa-b8a2-463aeb224c25,2023-11-21 15:30:00,6674516.889096379,4909070.714838083,8439963.063354675
ed010d2a-1530-4bfa-b8a2-463aeb224c25,2023-11-21 15:45:00,6934867.742582367,5380326.763312473,8489408.721852262
ed010d2a-1530-4bfa-b8a2-463aeb224c25,2023-11-21 16:00:00,6775975.664920547,5020839.131432512,8531112.198408581
ed010d2a-1530-4bfa-b8a2-463aeb224c25,2023-11-21 16:15:00,6740916.512979966,5008232.640758102,8473600.385201829
ed010d2a-1530-4bfa-b8a2-463aeb224c25,2023-11-21 16:30:00,6369833.553786924,4642615.880055354,8097051.227518494
ed010d2a-1530-4bfa-b8a2-463aeb224c25,2023-11-21 16:45:00,6409784.568265905,5084913.296353514,7734655.840178295
ed010d2a-1530-4bfa-b8a2-463aeb224c25,2023-11-21 17:00:00,6157318.961449615,4586211.4643285945,7728426.458570635
ed010d2a-1530-4bfa-b8a2-463aeb224c25,2023-11-21 17:15:00,6168544.843129369,4581404.410572534,7755685.275686204
ed010d2a-1530-4bfa-b8a2-463aeb224c25,2023-11-21 17:30:00,5952491.410452482,4448460.451669624,7456522.3692353405
ed010d2a-1530-4bfa-b8a2-463aeb224c25,2023-11-21 17:45:00,5961227.096143549,4517135.326394255,7405318.865892843
ed010d2a-1530-4bfa-b8a2-463aeb224c25,2023-11-21 18:00:00,5817400.4523986885,4237012.706272308,7397788.198525069
ed010d2a-1530-4bfa-b8a2-463aeb224c25,2023-11-21 18:15:00,5756538.258621377,4274478.845005218,7238597.672237536
ed010d2a-1530-4bfa-b8a2-463aeb224c25,2023-11-21 18:30:00,5743739.534816194,4210055.570565861,7277423.499066528
ed010d2a-1530-4bfa-b8a2-463aeb224c25,2023-11-21 18:45:00,5672956.22291814,4262605.328780127,7083307.117056153
ed010d2a-1530-4bfa-b8a2-463aeb224c25,2023-11-21 19:00:00,5750950.297355285,4300510.960164812,7201389.634545757
ed010d2a-1530-4bfa-b8a2-463aeb224c25,2023-11-21 19:15:00,5550351.7608450055,3898787.2981251944,7201916.223564818
ed010d2a-1530-4bfa-b8a2-463aeb224c25,2023-11-21 19:30:00,5576669.114664328,3839958.9588782033,7313379.270450453
ed010d2a-1530-4bfa-b8a2-463aeb224c25,2023-11-21 19:45:00,5544502.395673949,3869261.1464588204,7219743.644889077
ed010d2a-1530-4bfa-b8a2-463aeb224c25,2023-11-21 20:00:00,5466662.77365299,3757953.8374090884,7175371.709896892
ed010d2a-1530-4bfa-b8a2-463aeb224c25,2023-11-21 20:15:00,5394713.637513427,3728457.182618189,7060970.092408665
ed010d2a-1530-4bfa-b8a2-463aeb224c25,2023-11-21 20:30:00,5346269.4325765595,3505821.662905791,7186717.202247327
ed010d2a-1530-4bfa-b8a2-463aeb224c25,2023-11-21 20:45:00,5418943.685449507,3747904.818786394,7089982.55211262
ed010d2a-1530-4bfa-b8a2-463aeb224c25,2023-11-21 21:00:00,5189318.294583388,3464236.4800350047,6914400.10913177
ed010d2a-1530-4bfa-b8a2-463aeb224c25,2023-11-21 21:15:00,4902659.32056941,3040033.656820249,6765284.984318571
ed010d2a-1530-4bfa-b8a2-463aeb224c25,2023-11-21 21:30:00,4809318.999511096,2991020.5999947274,6627617.399027464
ed010d2a-1530-4bfa-b8a2-463aeb224c25,2023-11-21 21:45:00,4578936.996397592,2908415.176513698,6249458.816281486
ed010d2a-1530-4bfa-b8a2-463aeb224c25,2023-11-21 22:00:00,4593100.574644356,2910485.309421608,6275715.839867104
ed010d2a-1530-4bfa-b8a2-463aeb224c25,2023-11-21 22:15:00,4364820.39118907,2655798.8035607897,6073841.978817351
ed010d2a-1530-4bfa-b8a2-463aeb224c25,2023-11-21 22:30:00,4220123.203037796,2417153.7532170536,6023092.652858538
ed010d2a-1530-4bfa-b8a2-463aeb224c25,2023-11-21 22:45:00,4157738.7102602883,2728792.536079302,5586684.884441274
ed010d2a-1530-4bfa-b8a2-463aeb224c25,2023-11-21 23:00:00,3974483.8451569937,2564725.8122659535,5384241.878048034
ed010d2a-1530-4bfa-b8a2-463aeb224c25,2023-11-21 23:15:00,3704771.594596743,2485650.834407882,4923892.354785604
ed010d2a-1530-4bfa-b8a2-463aeb224c25,2023-11-21 23:30:00,3716296.806729371,2092405.274395426,5340188.339063316
ed010d2a-1530-4bfa-b8a2-463aeb224c25,2023-11-21 23:45:00,3533255.755795779,2202133.39062669,4864378.120964869
ed010d2a-1530-4bfa-b8a2-463aeb224c25,2023-11-22 00:00:00,3515320.550332796,2203554.1193367676,4827086.981328824
ed010d2a-1530-4bfa-b8a2-463aeb224c25,2023-11-22 00:15:00,3564978.3179024328,1977737.465512104,5152219.170292761
ed010d2a-1530-4bfa-b8a2-463aeb224c25,2023-11-22 00:30:00,3591809.0940797133,2047477.4799872267,5136140.7081722
ed010d2a-1530-4bfa-b8a2-463aeb224c25,2023-11-22 00:45:00,3729200.96205582,2412734.419080831,5045667.505030809
ed010d2a-1530-4bfa-b8a2-463aeb224c25,2023-11-22 01:00:00,3576372.408808687,2320389.0604758323,4832355.757141542
ed010d2a-1530-4bfa-b8a2-463aeb224c25,2023-11-22 01:15:00,3619519.4058191366,2369054.765591984,4869984.04604629
ed010d2a-1530-4bfa-b8a2-463aeb224c25,2023-11-22 01:30:00,3695923.9313948816,2501255.7936009746,4890592.069188788
ed010d2a-1530-4bfa-b8a2-463aeb224c25,2023-11-22 01:45:00,3605526.1007076805,2428820.4285994847,4782231.772815876
ed010d2a-1530-4bfa-b8a2-463aeb224c25,2023-11-22 02:00:00,3635185.153609199,2534817.0324650393,4735553.274753358
ed010d2a-1530-4bfa-b8a2-463aeb224c25,2023-11-22 02:15:00,3679420.1940345997,2359035.363205973,4999805.024863225
ed010d2a-1530-4bfa-b8a2-463aeb224c25,2023-11-22 02:30:00,3584835.1672074622,2332441.877808896,4837228.456606029
ed010d2a-1530-4bfa-b8a2-463aeb224c25,2023-11-22 02:45:00,3614058.0160464384,2523177.31167809,4704938.720414787
ed010d2a-1530-4bfa-b8a2-463aeb224c25,2023-11-22 03:00:00,3598028.5804784927,2493016.7742313975,4703040.386725588
ed010d2a-1530-4bfa-b8a2-463aeb224c25,2023-11-22 03:15:00,3568617.1620495757,2267582.241066307,4869652.083032845
ed010d2a-1530-4bfa-b8a2-463aeb224c25,2023-11-22 03:30:00,3719369.4429661916,2597611.035062538,4841127.850869846
ed010d2a-1530-4bfa-b8a2-463aeb224c25,2023-11-22 03:45:00,3611636.156647401,2373708.867739644,4849563.445555159
ed010d2a-1530-4bfa-b8a2-463aeb224c25,2023-11-22 04:00:00,3597399.220538988,2245800.189463883,4948998.251614092
ed010d2a-1530-4bfa-b8a2-463aeb224c25,2023-11-22 04:15:00,3828791.8007910596,2511603.615983402,5145979.985598717
ed010d2a-1530-4bfa-b8a2-463aeb224c25,2023-11-22 04:30:00,3789414.6997121256,2504730.9709345913,5074098.428489661
ed010d2a-1530-4bfa-b8a2-463aeb224c25,2023-11-22 04:45:00,4075661.6533328225,2772493.930915145,5378829.375750501
ed010d2a-1530-4bfa-b8a2-463aeb224c25,2023-11-22 05:00:00,3930828.3609343446,2619397.5423854124,5242259.179483277
ed010d2a-1530-4bfa-b8a2-463aeb224c25,2023-11-22 05:15:00,3969995.7205629684,2593986.603191448,5346004.837934489
ed010d2a-1530-4bfa-b8a2-463aeb224c25,2023-11-22 05:30:00,3954836.34810327,2501993.747014683,5407678.949191857
ed010d2a-1530-4bfa-b8a2-463aeb224c25,2023-11-22 05:45:00,4266099.150990434,2813704.0415136707,5718494.260467197
ed010d2a-1530-4bfa-b8a2-463aeb224c25,2023-11-22 06:00:00,4424104.2528316425,2991786.9446340464,5856421.56102924
ed010d2a-1530-4bfa-b8a2-463aeb224c25,2023-11-22 06:15:00,4870030.801894224,3358283.2290315838,6381778.374756865
ed010d2a-1530-4bfa-b8a2-463aeb224c25,2023-11-22 06:30:00,5078119.219186116,3571932.9889151813,6584305.449457051
ed010d2a-1530-4bfa-b8a2-463aeb224c25,2023-11-22 06:45:00,5221162.811856566,3767923.243545431,6674402.3801677
ed010d2a-1530-4bfa-b8a2-463aeb224c25,2023-11-22 07:00:00,5300676.203860388,3534076.743952162,7067275.663768615
ed010d2a-1530-4bfa-b8a2-463aeb224c25,2023-11-22 07:15:00,5606423.924594855,3855789.686687458,7357058.1625022525
ed010d2a-1530-4bfa-b8a2-463aeb224c25,2023-11-22 07:30:00,5960065.66858026,4301486.091752028,7618645.245408492
ed010d2a-1530-4bfa-b8a2-463aeb224c25,2023-11-22 07:45:00,6287240.376305036,4632484.181539414,7941996.571070658
ed010d2a-1530-4bfa-b8a2-463aeb224c25,2023-11-22 08:00:00,6498016.164589687,4812208.508337819,8183823.8208415555
ed010d2a-1530-4bfa-b8a2-463aeb224c25,2023-11-22 08:15:00,6518565.796294588,5009000.092382595,8028131.50020658
ed010d2a-1530-4bfa-b8a2-463aeb224c25,2023-11-22 08:30:00,6734158.39132335,5176570.827040095,8291745.955606606
ed010d2a-1530-4bfa-b8a2-463aeb224c25,2023-11-22 08:45:00,6968718.686835729,5314175.526599653,8623261.847071802
ed010d2a-1530-4bfa-b8a2-463aeb224c25,2023-11-22 09:00:00,6826316.796113519,5281673.126235706,8370960.465991332
ed010d2a-1530-4bfa-b8a2-463aeb224c25,2023-11-22 09:15:00,6779126.2833144115,5326626.441651344,8231626.124977479
ed010d2a-1530-4bfa-b8a2-463aeb224c25,2023-11-22 09:30:00,6941644.243086958,5479406.787584766,8403881.69858915
ed010d2a-1530-4bfa-b8a2-463aeb224c25,2023-11-22 09:45:00,7021350.496798631,5557271.497495872,8485429.49610139
ed010d2a-1530-4bfa-b8a2-463aeb224c25,2023-11-22 10:00:00,6904369.377106808,5722791.119003195,8085947.635210421
ed010d2a-1530-4bfa-b8a2-463aeb224c25,2023-11-22 10:15:00,7068298.247119329,5527860.5012280075,8608735.99301065
ed010d2a-1530-4bfa-b8a2-463aeb224c25,2023-11-22 10:30:00,7065769.592530962,5660531.5053271465,8471007.679734778
ed010d2a-1530-4bfa-b8a2-463aeb224c25,2023-11-22 10:45:00,6799924.04953499,5298080.416407463,8301767.682662518
ed010d2a-1530-4bfa-b8a2-463aeb224c25,2023-11-22 11:00:00,6843098.883368701,5358612.690900435,8327585.075836967
ed010d2a-1530-4bfa-b8a2-463aeb224c25,2023-11-22 11:15:00,6933568.485053574,5592031.112866117,8275105.857241031
ed010d2a-1530-4bfa-b8a2-463aeb224c25,2023-11-22 11:30:00,6811112.880147208,5439448.419750713,8182777.340543704
ed010d2a-1530-4bfa-b8a2-463aeb224c25,2023-11-22 11:45:00,6845984.868503012,5605457.941495082,8086511.795510941
ed010d2a-1530-4bfa-b8a2-463aeb224c25,2023-11-22 12:00:00,6848679.534389858,5549257.8696439555,8148101.199135761
ed010d2a-1530-4bfa-b8a2-463aeb224c25,2023-11-22 12:15:00,6651526.825794088,5113507.225324131,8189546.426264045
ed010d2a-1530-4bfa-b8a2-463aeb224c25,2023-11-22 12:30:00,6842353.690445355,5415471.472214726,8269235.9086759845
ed010d2a-1530-4bfa-b8a2-463aeb224c25,2023-11-22 12:45:00,7018663.428834901,5873327.191959292,8163999.665710511
ed010d2a-1530-4bfa-b8a2-463aeb224c25,2023-11-22 13:00:00,6961176.26869525,5511997.9733422985,8410354.5640482
ed010d2a-1530-4bfa-b8a2-463aeb224c25,2023-11-22 13:15:00,6831466.568979428,5328404.926959398,8334528.210999458
ed010d2a-1530-4bfa-b8a2-463aeb224c25,2023-11-22 13:30:00,6961388.109850437,5549734.688195572,8373041.5315053025
ed010d2a-1530-4bfa-b8a2-463aeb224c25,2023-11-22 13:45:00,6971285.87603848,5865207.204574263,8077364.5475026965
ed010d2a-1530-4bfa-b8a2-463aeb224c25,2023-11-22 14:00:00,7108589.962348388,5767279.298080307,8449900.626616467
ed010d2a-1530-4bfa-b8a2-463aeb224c25,2023-11-22 14:15:00,6616539.492064238,5076209.871378624,8156869.112749851
ed010d2a-1530-4bfa-b8a2-463aeb224c25,2023-11-22 14:30:00,6844661.104116185,5409422.933955594,8279899.274276775
ed010d2a-1530-4bfa-b8a2-463aeb224c25,2023-11-22 14:45:00,6701840.82461058,5355098.107899891,8048583.541321268
ed010d2a-1530-4bfa-b8a2-463aeb224c25,2023-11-22 15:00:00,6686411.6918016095,5414538.694039845,7958284.689563374
ed010d2a-1530-4bfa-b8a2-463aeb224c25,2023-11-22 15:15:00,6781634.796478934,5284739.813016858,8278529.779941009
ed010d2a-1530-4bfa-b8a2-463aeb224c25,2023-11-22 15:30:00,6448245.551980062,4965165.6342573855,7931325.469702739
ed010d2a-1530-4bfa-b8a2-463aeb224c25,2023-11-22 15:45:00,6777360.509169043,5448238.36774646,8106482.650591626
ed010d2a-1530-4bfa-b8a2-463aeb224c25,2023-11-22 16:00:00,6708548.254896022,5095865.199491952,8321231.310300093
ed010d2a-1530-4bfa-b8a2-463aeb224c25,2023-11-22 16:15:00,6794005.702137333,5078030.127914939,8509981.276359728
ed010d2a-1530-4bfa-b8a2-463aeb224c25,2023-11-22 16:30:00,6423340.270249684,4982153.923664873,7864526.616834496
ed010d2a-1530-4bfa-b8a2-463aeb224c25,2023-11-22 16:45:00,6371726.567123751,5100970.410016937,7642482.724230565
ed010d2a-1530-4bfa-b8a2-463aeb224c25,2023-11-22 17:00:00,6180297.3446802255,4767543.918960322,7593050.770400129
ed010d2a-1530-4bfa-b8a2-463aeb224c25,2023-11-22 17:15:00,6128206.86517071,4554438.0843251385,7701975.646016281
ed010d2a-1530-4bfa-b8a2-463aeb224c25,2023-11-22 17:30:00,5764764.048885641,4440544.198954372,7088983.89881691
ed010d2a-1530-4bfa-b8a2-463aeb224c25,2023-11-22 17:45:00,5710789.552144424,4205897.012471046,7215682.091817802
ed010d2a-1530-4bfa-b8a2-463aeb224c25,2023-11-22 18:00:00,5535617.471103709,4129051.6401913394,6942183.302016079
ed010d2a-1530-4bfa-b8a2-463aeb224c25,2023-11-22 18:15:00,5595043.601831749,4105844.980514738,7084242.22314876
ed010d2a-1530-4bfa-b8a2-463aeb224c25,2023-11-22 18:30:00,5610602.319342701,4283361.5641025575,6937843.074582844
ed010d2a-1530-4bfa-b8a2-463aeb224c25,2023-11-22 18:45:00,5450518.977792412,4121610.8928406956,6779427.0627441285
ed010d2a-1530-4bfa-b8a2-463aeb224c25,2023-11-22 19:00:00,5603694.848935643,4293642.500550337,6913747.197320949
ed010d2a-1530-4bfa-b8a2-463aeb224c25,2023-11-22 19:15:00,5465025.519079157,4066004.734394762,6864046.303763553
ed010d2a-1530-4bfa-b8a2-463aeb224c25,2023-11-22 19:30:00,5461303.7223827,4268298.914679776,6654308.530085624
ed010d2a-1530-4bfa-b8a2-463aeb224c25,2023-11-22 19:45:00,5476101.803350373,4301925.801660499,6650277.805040248
ed010d2a-1530-4bfa-b8a2-463aeb224c25,2023-11-22 20:00:00,5413339.454520718,4088408.4609081526,6738270.448133283
ed010d2a-1530-4bfa-b8a2-463aeb224c25,2023-11-22 20:15:00,5251971.646685406,3984579.0853317543,6519364.2080390565
ed010d2a-1530-4bfa-b8a2-463aeb224c25,2023-11-22 20:30:00,5189082.793781356,3934276.4278509365,6443889.159711776
ed010d2a-1530-4bfa-b8a2-463aeb224c25,2023-11-22 20:45:00,5246086.560556806,4182918.828867384,6309254.292246227
ed010d2a-1530-4bfa-b8a2-463aeb224c25,2023-11-22 21:00:00,5123944.411109699,3834663.7507725456,6413225.071446853
ed010d2a-1530-4bfa-b8a2-463aeb224c25,2023-11-22 21:15:00,4823227.128292529,3565839.1378608886,6080615.11872417
ed010d2a-1530-4bfa-b8a2-463aeb224c25,2023-11-22 21:30:00,4865125.422720881,3560147.1818613396,6170103.663580423
ed010d2a-1530-4bfa-b8a2-463aeb224c25,2023-11-22 21:45:00,4756444.135161615,3607475.2388303657,5905413.031492864
ed010d2a-1530-4bfa-b8a2-463aeb224c25,2023-11-22 22:00:00,4816006.624857149,3834142.716861113,5797870.532853185
ed010d2a-1530-4bfa-b8a2-463aeb224c25,2023-11-22 22:15:00,4571712.592439898,3480394.20581156,5663030.979068236
ed010d2a-1530-4bfa-b8a2-463aeb224c25,2023-11-22 22:30:00,4446134.007969834,3097197.221385635,5795070.794554033
ed010d2a-1530-4bfa-b8a2-463aeb224c25,2023-11-22 22:45:00,4367082.15426528,3270123.3303635158,5464040.978167043
ed010d2a-1530-4bfa-b8a2-463aeb224c25,2023-11-22 23:00:00,4109247.697634971,3079620.113097896,5138875.282172046
ed010d2a-1530-4bfa-b8a2-463aeb224c25,2023-11-22 23:15:00,3586025.4256981676,2095872.617506055,5076178.233890281
ed010d2a-1530-4bfa-b8a2-463aeb224c25,2023-11-22 23:30:00,3595478.5788738225,1965258.0963333752,5225699.06141427
ed010d2a-1530-4bfa-b8a2-463aeb224c25,2023-11-22 23:45:00,3307767.2084929235,1472223.0648562307,5143311.352129617
ed010d2a-1530-4bfa-b8a2-463aeb224c25,2023-11-23 00:00:00,3376665.6292916317,1761187.3797872227,4992143.878796041
ed010d2a-1530-4bfa-b8a2-463aeb224c25,2023-11-23 00:15:00,3394971.2164031896,1620932.844830932,5169009.587975447
ed010d2a-1530-4bfa-b8a2-463aeb224c25,2023-11-23 00:30:00,3422429.2797330352,1609371.3797047948,5235487.179761276
ed010d2a-1530-4bfa-b8a2-463aeb224c25,2023-11-23 00:45:00,3563151.0951381186,1752491.599814967,5373810.59046127
ed010d2a-1530-4bfa-b8a2-463aeb224c25,2023-11-23 01:00:00,3361156.6128758225,1853989.7938565146,4868323.43189513
ed010d2a-1530-4bfa-b8a2-463aeb224c25,2023-11-23 01:15:00,3475077.0397516303,1620393.9667634377,5329760.112739823
ed010d2a-1530-4bfa-b8a2-463aeb224c25,2023-11-23 01:30:00,3564172.158946903,1752015.3927678277,5376328.925125978
ed010d2a-1530-4bfa-b8a2-463aeb224c25,2023-11-23 01:45:00,3361578.392231041,1622319.5921876717,5100837.19227441
ed010d2a-1530-4bfa-b8a2-463aeb224c25,2023-11-23 02:00:00,3387643.7185058766,1747759.0880691537,5027528.3489426
ed010d2a-1530-4bfa-b8a2-463aeb224c25,2023-11-23 02:15:00,3520271.217673839,1638555.7222137237,5401986.713133955
ed010d2a-1530-4bfa-b8a2-463aeb224c25,2023-11-23 02:30:00,3399545.936814664,1514356.4236419722,5284735.449987356
ed010d2a-1530-4bfa-b8a2-463aeb224c25,2023-11-23 02:45:00,3400438.962747336,1808510.495845385,4992367.429649287
ed010d2a-1530-4bfa-b8a2-463aeb224c25,2023-11-23 03:00:00,3387850.723819455,1723947.4637322354,5051753.983906675
ed010d2a-1530-4bfa-b8a2-463aeb224c25,2023-11-23 03:15:00,3312266.660927751,1310794.487541006,5313738.834314496
ed010d2a-1530-4bfa-b8a2-463aeb224c25,2023-11-23 03:30:00,3489699.745421198,1826400.0310101844,5152999.459832212
ed010d2a-1530-4bfa-b8a2-463aeb224c25,2023-11-23 03:45:00,3356542.164072123,1667703.7193906659,5045380.60875358
ed010d2a-1530-4bfa-b8a2-463aeb224c25,2023-11-23 04:00:00,3340790.3671697746,1561611.6039318878,5119969.130407661
ed010d2a-1530-4bfa-b8a2-463aeb224c25,2023-11-23 04:15:00,3628065.9842772484,1760396.932810458,5495735.035744039
ed010d2a-1530-4bfa-b8a2-463aeb224c25,2023-11-23 04:30:00,3474083.4367162506,1644402.0569846635,5303764.816447838
ed010d2a-1530-4bfa-b8a2-463aeb224c25,2023-11-23 04:45:00,3920514.830081162,2054078.784264238,5786950.8758980865
ed010d2a-1530-4bfa-b8a2-463aeb224c25,2023-11-23 05:00:00,3604651.091081732,1870836.4657817113,5338465.716381753
ed010d2a-1530-4bfa-b8a2-463aeb224c25,2023-11-23 05:15:00,3540642.768610595,1744703.320274523,5336582.216946667
ed010d2a-1530-4bfa-b8a2-463aeb224c25,2023-11-23 05:30:00,3703181.280954281,1662433.8987065936,5743928.663201968
ed010d2a-1530-4bfa-b8a2-463aeb224c25,2023-11-23 05:45:00,3897419.5158578856,2096270.3969168523,5698568.634798919
ed010d2a-1530-4bfa-b8a2-463aeb224c25,2023-11-23 06:00:00,4125114.461533585,2504880.0588806076,5745348.864186563
ed010d2a-1530-4bfa-b8a2-463aeb224c25,2023-11-23 06:15:00,4572695.114667557,2597986.7452016347,6547403.484133479
ed010d2a-1530-4bfa-b8a2-463aeb224c25,2023-11-23 06:30:00,4748815.342273891,3030511.579871391,6467119.104676391
ed010d2a-1530-4bfa-b8a2-463aeb224c25,2023-11-23 06:45:00,4853187.470666132,3095123.8216653094,6611251.1196669545
ed010d2a-1530-4bfa-b8a2-463aeb224c25,2023-11-23 07:00:00,5149388.50828375,2991906.5371292806,7306870.479438219
ed010d2a-1530-4bfa-b8a2-463aeb224c25,2023-11-23 07:15:00,5296889.246335145,3054089.2479967596,7539689.24467353
ed010d2a-1530-4bfa-b8a2-463aeb224c25,2023-11-23 07:30:00,5631220.687423006,3534484.452003064,7727956.922842948
ed010d2a-1530-4bfa-b8a2-463aeb224c25,2023-11-23 07:45:00,6172986.893248251,3924566.262614562,8421407.52388194
ed010d2a-1530-4bfa-b8a2-463aeb224c25,2023-11-23 08:00:00,6413725.082725857,4186705.1524407193,8640745.013010995
ed010d2a-1530-4bfa-b8a2-463aeb224c25,2023-11-23 08:15:00,6468732.690921389,4240377.972764042,8697087.409078734
ed010d2a-1530-4bfa-b8a2-463aeb224c25,2023-11-23 08:30:00,6889985.143950391,4863805.2351512555,8916165.052749526
ed010d2a-1530-4bfa-b8a2-463aeb224c25,2023-11-23 08:45:00,6971089.962971535,4763118.312677024,9179061.613266045
ed010d2a-1530-4bfa-b8a2-463aeb224c25,2023-11-23 09:00:00,6895415.3462162,4849092.796402917,8941737.896029482
ed010d2a-1530-4bfa-b8a2-463aeb224c25,2023-11-23 09:15:00,6828815.64126942,4781105.935255429,8876525.34728341
ed010d2a-1530-4bfa-b8a2-463aeb224c25,2023-11-23 09:30:00,6977409.667603024,5118900.341853127,8835918.993352922
ed010d2a-1530-4bfa-b8a2-463aeb224c25,2023-11-23 09:45:00,7054762.965291671,5249996.858450629,8859529.072132714
ed010d2a-1530-4bfa-b8a2-463aeb224c25,2023-11-23 10:00:00,6974420.565110342,5246609.2626341665,8702231.867586518
ed010d2a-1530-4bfa-b8a2-463aeb224c25,2023-11-23 10:15:00,7120236.050721939,5258170.27167631,8982301.829767566
ed010d2a-1530-4bfa-b8a2-463aeb224c25,2023-11-23 10:30:00,7058983.224111561,5383105.030953763,8734861.417269357
ed010d2a-1530-4bfa-b8a2-463aeb224c25,2023-11-23 10:45:00,6824739.47377808,5239352.637017239,8410126.310538922
ed010d2a-1530-4bfa-b8a2-463aeb224c25,2023-11-23 11:00:00,6832271.39888052,5086645.067197381,8577897.73056366
ed010d2a-1530-4bfa-b8a2-463aeb224c25,2023-11-23 11:15:00,6898262.102590166,5388721.5882069925,8407802.616973339
ed010d2a-1530-4bfa-b8a2-463aeb224c25,2023-11-23 11:30:00,6688042.944688001,5234240.769815345,8141845.119560656
ed010d2a-1530-4bfa-b8a2-463aeb224c25,2023-11-23 11:45:00,6846322.86959693,5329822.7820989555,8362822.957094905
ed010d2a-1530-4bfa-b8a2-463aeb224c25,2023-11-23 12:00:00,6841565.314323972,5433078.044277788,8250052.584370156
ed010d2a-1530-4bfa-b8a2-463aeb224c25,2023-11-23 12:15:00,6590594.0819839435,4938059.332622688,8243128.831345199
ed010d2a-1530-4bfa-b8a2-463aeb224c25,2023-11-23 12:30:00,6820192.585810567,5450746.027167418,8189639.144453716
ed010d2a-1530-4bfa-b8a2-463aeb224c25,2023-11-23 12:45:00,6972159.381260323,5645690.230140024,8298628.532380623
ed010d2a-1530-4bfa-b8a2-463aeb224c25,2023-11-23 13:00:00,6947370.730514085,5240136.826913147,8654604.634115022
ed010d2a-1530-4bfa-b8a2-463aeb224c25,2023-11-23 13:15:00,6723622.010248687,5255775.864135909,8191468.156361465
ed010d2a-1530-4bfa-b8a2-463aeb224c25,2023-11-23 13:30:00,6897549.8775545675,5189176.547196275,8605923.20791286
ed010d2a-1530-4bfa-b8a2-463aeb224c25,2023-11-23 13:45:00,6936217.953239166,5451781.420863887,8420654.485614445
ed010d2a-1530-4bfa-b8a2-463aeb224c25,2023-11-23 14:00:00,7017032.6713889055,5542808.599089658,8491256.743688153
ed010d2a-1530-4bfa-b8a2-463aeb224c25,2023-11-23 14:15:00,6574356.262320885,5127520.35680924,8021192.167832531
ed010d2a-1530-4bfa-b8a2-463aeb224c25,2023-11-23 14:30:00,6737975.177715333,5330497.129909339,8145453.225521327
ed010d2a-1530-4bfa-b8a2-463aeb224c25,2023-11-23 14:45:00,6528410.671798559,5047307.789522164,8009513.554074954
ed010d2a-1530-4bfa-b8a2-463aeb224c25,2023-11-23 15:00:00,6607557.291870609,5142220.823465116,8072893.7602761015
ed010d2a-1530-4bfa-b8a2-463aeb224c25,2023-11-23 15:15:00,6747594.884935426,5402849.419885387,8092340.3499854645
ed010d2a-1530-4bfa-b8a2-463aeb224c25,2023-11-23 15:30:00,6270827.237771853,4904340.568662877,7637313.906880829
ed010d2a-1530-4bfa-b8a2-463aeb224c25,2023-11-23 15:45:00,6662714.528135472,5173451.211971925,8151977.844299019
ed010d2a-1530-4bfa-b8a2-463aeb224c25,2023-11-23 16:00:00,6603410.174639749,4942687.11852776,8264133.230751739
ed010d2a-1530-4bfa-b8a2-463aeb224c25,2023-11-23 16:15:00,6626115.228767875,4646457.365762292,8605773.091773458
ed010d2a-1530-4bfa-b8a2-463aeb224c25,2023-11-23 16:30:00,6170380.919883675,4401715.518833491,7939046.32093386
ed010d2a-1530-4bfa-b8a2-463aeb224c25,2023-11-23 16:45:00,6137234.171659895,4597729.537832625,7676738.805487165
ed010d2a-1530-4bfa-b8a2-463aeb224c25,2023-11-23 17:00:00,5999267.833131008,4442568.0656305,7555967.6006315155
ed010d2a-1530-4bfa-b8a2-463aeb224c25,2023-11-23 17:15:00,6020920.281124867,4425250.860191441,7616589.702058292
ed010d2a-1530-4bfa-b8a2-463aeb224c25,2023-11-23 17:30:00,5990101.123719787,4506289.89874786,7473912.348691714
ed010d2a-1530-4bfa-b8a2-463aeb224c25,2023-11-23 17:45:00,5953325.894056908,4295771.287100076,7610880.50101374
ed010d2a-1530-4bfa-b8a2-463aeb224c25,2023-11-23 18:00:00,5850376.224346265,4139144.82277432,7561607.6259182105
ed010d2a-1530-4bfa-b8a2-463aeb224c25,2023-11-23 18:15:00,5819010.306709315,4006964.825135722,7631055.7882829085
ed010d2a-1530-4bfa-b8a2-463aeb224c25,2023-11-23 18:30:00,5819024.6052897815,4296736.3079254795,7341312.902654083
ed010d2a-1530-4bfa-b8a2-463aeb224c25,2023-11-23 18:45:00,5663410.461826227,4094928.32978435,7231892.593868104
ed010d2a-1530-4bfa-b8a2-463aeb224c25,2023-11-23 19:00:00,5855226.899307895,4006911.8443458625,7703541.954269929
ed010d2a-1530-4bfa-b8a2-463aeb224c25,2023-11-23 19:15:00,5642712.653729591,3956467.2054854217,7328958.10197376
ed010d2a-1530-4bfa-b8a2-463aeb224c25,2023-11-23 19:30:00,5682760.928808202,3974163.4007268404,7391358.456889564
ed010d2a-1530-4bfa-b8a2-463aeb224c25,2023-11-23 19:45:00,5666803.964571836,4130569.1777175143,7203038.7514261585
ed010d2a-1530-4bfa-b8a2-463aeb224c25,2023-11-23 20:00:00,5588886.8634232255,4283858.418245636,6893915.308600815
ed010d2a-1530-4bfa-b8a2-463aeb224c25,2023-11-23 20:15:00,5516451.722210952,4247525.430525668,6785378.013896236
ed010d2a-1530-4bfa-b8a2-463aeb224c25,2023-11-23 20:30:00,5383149.346636317,3967539.757205647,6798758.936066987
ed010d2a-1530-4bfa-b8a2-463aeb224c25,2023-11-23 20:45:00,5482848.759512498,4085079.5859819655,6880617.933043031
ed010d2a-1530-4bfa-b8a2-463aeb224c25,2023-11-23 21:00:00,5241805.0981598245,3613973.763943884,6869636.432375765
ed010d2a-1530-4bfa-b8a2-463aeb224c25,2023-11-23 21:15:00,4884615.199677402,3458862.2652315213,6310368.1341232825
ed010d2a-1530-4bfa-b8a2-463aeb224c25,2023-11-23 21:30:00,4876595.514397097,3423123.6723593455,6330067.356434848
ed010d2a-1530-4bfa-b8a2-463aeb224c25,2023-11-23 21:45:00,4732826.662635418,3301562.392061041,6164090.933209794
ed010d2a-1530-4bfa-b8a2-463aeb224c25,2023-11-23 22:00:00,4732897.8728303425,3559955.4307065825,5905840.314954102
ed010d2a-1530-4bfa-b8a2-463aeb224c25,2023-11-23 22:15:00,4658551.950329436,3317178.9055829537,5999924.995075919
ed010d2a-1530-4bfa-b8a2-463aeb224c25,2023-11-23 22:30:00,4489279.159045575,2935490.201375118,6043068.116716032
ed010d2a-1530-4bfa-b8a2-463aeb224c25,2023-11-23 22:45:00,4453022.85686829,3404773.2871685782,5501272.426568002
ed010d2a-1530-4bfa-b8a2-463aeb224c25,2023-11-23 23:00:00,4057022.1236126153,2955347.112359232,5158697.134865999
ed010d2a-1530-4bfa-b8a2-463aeb224c25,2023-11-23 23:15:00,3630551.9955428997,1976999.3194666845,5284104.6716191145
ed010d2a-1530-4bfa-b8a2-463aeb224c25,2023-11-23 23:30:00,3653426.657706381,1999529.8727785116,5307323.44263425
ed010d2a-1530-4bfa-b8a2-463aeb224c25,2023-11-23 23:45:00,3398579.4611578197,1811592.9316276454,4985565.990687994
ed010d2a-1530-4bfa-b8a2-463aeb224c25,2023-11-24 00:00:00,3406235.9774185326,1740128.344409615,5072343.61042745
ed010d2a-1530-4bfa-b8a2-463aeb224c25,2023-11-24 00:15:00,3397603.092270774,1563211.909834138,5231994.27470741
ed010d2a-1530-4bfa-b8a2-463aeb224c25,2023-11-24 00:30:00,3453151.290881628,1478383.8878714205,5427918.693891836
ed010d2a-1530-4bfa-b8a2-463aeb224c25,2023-11-24 00:45:00,3579262.776685619,1835760.9226545435,5322764.6307166945
ed010d2a-1530-4bfa-b8a2-463aeb224c25,2023-11-24 01:00:00,3436188.651577701,1630991.5098430102,5241385.793312391
ed010d2a-1530-4bfa-b8a2-463aeb224c25,2023-11-24 01:15:00,3461586.4877153826,1717595.6005054724,5205577.374925292
ed010d2a-1530-4bfa-b8a2-463aeb224c25,2023-11-24 01:30:00,3549861.2014169698,2053483.6305355337,5046238.772298406
ed010d2a-1530-4bfa-b8a2-463aeb224c25,2023-11-24 01:45:00,3395087.0523998323,1861568.1535701763,4928605.9512294885
ed010d2a-1530-4bfa-b8a2-463aeb224c25,2023-11-24 02:00:00,3463532.447940231,2023521.969969172,4903542.925911291
ed010d2a-1530-4bfa-b8a2-463aeb224c25,2023-11-24 02:15:00,3506533.222534645,2002839.7150305065,5010226.7300387835
ed010d2a-1530-4bfa-b8a2-463aeb224c25,2023-11-24 02:30:00,3442911.5130884056,1838142.9835213497,5047680.0426554615
ed010d2a-1530-4bfa-b8a2-463aeb224c25,2023-11-24 02:45:00,3444413.5559307453,1970187.8398442257,4918639.272017265
ed010d2a-1530-4bfa-b8a2-463aeb224c25,2023-11-24 03:00:00,3431208.9703968395,1947042.6996323369,4915375.241161343
ed010d2a-1530-4bfa-b8a2-463aeb224c25,2023-11-24 03:15:00,3371841.3763258024,1746706.5029462513,4996976.249705354
ed010d2a-1530-4bfa-b8a2-463aeb224c25,2023-11-24 03:30:00,3505469.0609343047,2107285.620827204,4903652.501041405
ed010d2a-1530-4bfa-b8a2-463aeb224c25,2023-11-24 03:45:00,3401958.090047626,1945788.356227695,4858127.823867556
ed010d2a-1530-4bfa-b8a2-463aeb224c25,2023-11-24 04:00:00,3386431.614452334,1720837.6381184147,5052025.590786254
ed010d2a-1530-4bfa-b8a2-463aeb224c25,2023-11-24 04:15:00,3685258.526356873,1993133.2098412048,5377383.842872541
ed010d2a-1530-4bfa-b8a2-463aeb224c25,2023-11-24 04:30:00,3579515.3540549134,2014452.628633531,5144578.079476295
ed010d2a-1530-4bfa-b8a2-463aeb224c25,2023-11-24 04:45:00,3975807.995819357,2351119.292646818,5600496.698991896
ed010d2a-1530-4bfa-b8a2-463aeb224c25,2023-11-24 05:00:00,3711025.194714335,2085360.8910225942,5336689.498406075
ed010d2a-1530-4bfa-b8a2-463aeb224c25,2023-11-24 05:15:00,3779549.1417419063,1943971.1253243275,5615127.158159485
ed010d2a-1530-4bfa-b8a2-463aeb224c25,2023-11-24 05:30:00,3806289.316928952,1904417.904428209,5708160.729429695
ed010d2a-1530-4bfa-b8a2-463aeb224c25,2023-11-24 05:45:00,4133714.664188935,2391900.100053796,5875529.228324074
ed010d2a-1530-4bfa-b8a2-463aeb224c25,2023-11-24 06:00:00,4245015.099481159,2541987.3438289226,5948042.855133396
ed010d2a-1530-4bfa-b8a2-463aeb224c25,2023-11-24 06:15:00,4650292.108654788,2911736.0722078076,6388848.145101768
ed010d2a-1530-4bfa-b8a2-463aeb224c25,2023-11-24 06:30:00,4743281.821861116,2991995.1090197875,6494568.534702444
ed010d2a-1530-4bfa-b8a2-463aeb224c25,2023-11-24 06:45:00,4934788.627148996,3386655.825167725,6482921.429130266
ed010d2a-1530-4bfa-b8a2-463aeb224c25,2023-11-24 07:00:00,5065655.805021554,3147566.8727335543,6983744.737309554
ed010d2a-1530-4bfa-b8a2-463aeb224c25,2023-11-24 07:15:00,5287138.988659535,3372178.696893248,7202099.280425821
ed010d2a-1530-4bfa-b8a2-463aeb224c25,2023-11-24 07:30:00,5687402.703111519,3833438.6997168297,7541366.7065062085
ed010d2a-1530-4bfa-b8a2-463aeb224c25,2023-11-24 07:45:00,6113267.863226263,4395309.112748359,7831226.613704166
ed010d2a-1530-4bfa-b8a2-463aeb224c25,2023-11-24 08:00:00,6378176.002868509,4563949.136487194,8192402.8692498235
ed010d2a-1530-4bfa-b8a2-463aeb224c25,2023-11-24 08:15:00,6448733.837646756,4576330.876957287,8321136.798336226
ed010d2a-1530-4bfa-b8a2-463aeb224c25,2023-11-24 08:30:00,6759225.474092187,4941892.242125363,8576558.70605901
ed010d2a-1530-4bfa-b8a2-463aeb224c25,2023-11-24 08:45:00,7024125.731555385,5235520.640491265,8812730.822619503
ed010d2a-1530-4bfa-b8a2-463aeb224c25,2023-11-24 09:00:00,6764624.254995879,5015669.4564017765,8513579.053589981
ed010d2a-1530-4bfa-b8a2-463aeb224c25,2023-11-24 09:15:00,6710064.567405536,4827291.635664724,8592837.499146348
ed010d2a-1530-4bfa-b8a2-463aeb224c25,2023-11-24 09:30:00,6907572.1358240135,5071091.903522176,8744052.36812585
ed010d2a-1530-4bfa-b8a2-463aeb224c25,2023-11-24 09:45:00,7037719.294433792,5340943.838655444,8734494.75021214
ed010d2a-1530-4bfa-b8a2-463aeb224c25,2023-11-24 10:00:00,6943142.505310178,5271716.018294008,8614568.992326347
ed010d2a-1530-4bfa-b8a2-463aeb224c25,2023-11-24 10:15:00,7082759.525628316,5199136.097316415,8966382.953940216
ed010d2a-1530-4bfa-b8a2-463aeb224c25,2023-11-24 10:30:00,7096776.520326699,5370416.733172094,8823136.307481304
ed010d2a-1530-4bfa-b8a2-463aeb224c25,2023-11-24 10:45:00,6863696.535400543,5330599.654744592,8396793.416056495
ed010d2a-1530-4bfa-b8a2-463aeb224c25,2023-11-24 11:00:00,6882549.95366146,5463081.486045613,8302018.421277308
ed010d2a-1530-4bfa-b8a2-463aeb224c25,2023-11-24 11:15:00,6893224.445176197,5053087.6660583895,8733361.224294005
ed010d2a-1530-4bfa-b8a2-463aeb224c25,2023-11-24 11:30:00,6735727.240975786,5055995.15796167,8415459.323989902
ed010d2a-1530-4bfa-b8a2-463aeb224c25,2023-11-24 11:45:00,6731957.136058552,5294630.594484288,8169283.677632816
ed010d2a-1530-4bfa-b8a2-463aeb224c25,2023-11-24 12:00:00,6956808.851041452,5653741.945915028,8259875.756167876
ed010d2a-1530-4bfa-b8a2-463aeb224c25,2023-11-24 12:15:00,6574482.506319792,4940920.138169006,8208044.874470578
ed010d2a-1530-4bfa-b8a2-463aeb224c25,2023-11-24 12:30:00,6817061.55766321,5201525.113471571,8432598.001854846
ed010d2a-1530-4bfa-b8a2-463aeb224c25,2023-11-24 12:45:00,6904000.886546682,5691687.05959923,8116314.713494133
ed010d2a-1530-4bfa-b8a2-463aeb224c25,2023-11-24 13:00:00,6962051.0090299,5491031.6012659045,8433070.416793894
ed010d2a-1530-4bfa-b8a2-463aeb224c25,2023-11-24 13:15:00,6737266.998216538,5136251.966499436,8338282.02993364
ed010d2a-1530-4bfa-b8a2-463aeb224c25,2023-11-24 13:30:00,6905035.318956598,5283989.139179571,8526081.498733625
ed010d2a-1530-4bfa-b8a2-463aeb224c25,2023-11-24 13:45:00,6974426.381055984,5559472.176667446,8389380.585444521
ed010d2a-1530-4bfa-b8a2-463aeb224c25,2023-11-24 14:00:00,7027985.79596256,5349107.174465564,8706864.417459555
ed010d2a-1530-4bfa-b8a2-463aeb224c25,2023-11-24 14:15:00,6566055.601166129,4925020.016287608,8207091.18604465
ed010d2a-1530-4bfa-b8a2-463aeb224c25,2023-11-24 14:30:00,6736014.891723027,5165586.541168839,8306443.242277216
ed010d2a-1530-4bfa-b8a2-463aeb224c25,2023-11-24 14:45:00,6564714.956624262,4783745.935996973,8345683.977251551
ed010d2a-1530-4bfa-b8a2-463aeb224c25,2023-11-24 15:00:00,6428541.140660097,4780060.473890501,8077021.807429693
